"X","Y","region"
-79.289767771565,28.0055009253281,"FLK"
-79.3038826589572,27.977583285441,"FLK"
-79.3126237490861,27.9585452888348,"FLK"
-79.3243335453562,27.9300340604244,"FLK"
-79.3586921180465,27.8541458937184,"FLK"
-79.3837202496895,27.8039307633946,"FLK"
-79.3948240072218,27.7811917454032,"FLK"
-79.3976471257139,27.7759448469778,"FLK"
-79.4292086080903,27.7052085167604,"FLK"
-79.4376010688339,27.6883450071169,"FLK"
-79.4617872740631,27.6260881146754,"FLK"
-79.4867517876646,27.5696012401056,"FLK"
-79.4950117881633,27.5494111912742,"FLK"
-79.5038772239542,27.5233573585559,"FLK"
-79.5324484740176,27.4257879132824,"FLK"
-79.5516401602649,27.3577969425755,"FLK"
-79.5692777883389,27.2903165718528,"FLK"
-79.5693949511155,27.2895822097517,"FLK"
-79.575185960963,27.2503197913259,"FLK"
-79.581383473368,27.1996653844505,"FLK"
-79.5883739036321,27.1153801129024,"FLK"
-79.5892227242488,27.0876251082127,"FLK"
-79.5888733924928,27.036501444087,"FLK"
-79.5885958032534,27.0221336790266,"FLK"
-79.5878111060972,27.0115983092151,"FLK"
-79.5828567589319,26.9657473297762,"FLK"
-79.5787773846682,26.9322491115076,"FLK"
-79.5765297783262,26.9181646301942,"FLK"
-79.5739436914477,26.9044842781277,"FLK"
-79.5736695780881,26.9008964346234,"FLK"
-79.5711576133327,26.8682942648692,"FLK"
-79.5665648826628,26.8205789908286,"FLK"
-79.5672287909754,26.7798274452808,"FLK"
-79.5666681302295,26.7365941629906,"FLK"
-79.566815051573,26.7351119624477,"FLK"
-79.5671726310117,26.7181213273382,"FLK"
-79.5672371609658,26.7020002620029,"FLK"
-79.5673887998952,26.6964191835052,"FLK"
-79.5674066425009,26.6862643273789,"FLK"
-79.5675352474763,26.676108006677,"FLK"
-79.5677746148211,26.6659502213994,"FLK"
-79.5681247445357,26.6557909715461,"FLK"
-79.5685856366197,26.645630257117,"FLK"
-79.5691446154718,26.6356934095684,"FLK"
-79.569149946563,26.6354681752265,"FLK"
-79.5691600725452,26.6351748975071,"FLK"
-79.5691622524804,26.6350827979748,"FLK"
-79.5690191106625,26.6278253149919,"FLK"
-79.5689423848706,26.6253162995499,"FLK"
-79.5687483522912,26.6154783197619,"FLK"
-79.5687387517303,26.6151643719272,"FLK"
-79.5685385419047,26.6050123990391,"FLK"
-79.5684485261961,26.5948589690892,"FLK"
-79.5684687046045,26.5847040820773,"FLK"
-79.5685759753923,26.5763474208464,"FLK"
-79.5685795615976,26.5745479960515,"FLK"
-79.5687099364577,26.5643916519469,"FLK"
-79.5689504477592,26.5542338515431,"FLK"
-79.5693010955018,26.5440745948393,"FLK"
-79.5696103259839,26.5372557796786,"FLK"
-79.5697256842973,26.5339143604379,"FLK"
-79.5701864254231,26.5237536480049,"FLK"
-79.5704487606524,26.5190827583227,"FLK"
-79.5706978113287,26.5135922659119,"FLK"
-79.5712685597495,26.5034300988875,"FLK"
-79.571949162992,26.4932664792873,"FLK"
-79.5721498782266,26.4906853368606,"FLK"
-79.5725767289745,26.4831035609822,"FLK"
-79.5732583465282,26.4729399279703,"FLK"
-79.5740494549411,26.4627748471954,"FLK"
-79.5749500542128,26.4526083186576,"FLK"
-79.5759601443436,26.4424403423568,"FLK"
-79.5770797253333,26.4322709182933,"FLK"
-79.5778597105278,26.4258163489796,"FLK"
-79.5780338533754,26.4221036819615,"FLK"
-79.5786183700811,26.4119413328831,"FLK"
-79.5788792271284,26.4081123910495,"FLK"
-79.5792435994177,26.4017784454747,"FLK"
-79.5799359557451,26.3916146704673,"FLK"
-79.5804908235565,26.3845651600267,"FLK"
-79.5807030773067,26.381449906863,"FLK"
-79.5812579027032,26.3744003932228,"FLK"
-79.5814701987887,26.3712851432597,"FLK"
-79.5815862463183,26.3698105508389,"FLK"
-79.5816568933001,26.3683110025759,"FLK"
-79.5819199461225,26.3611245761941,"FLK"
-79.5820600108455,26.3581510507878,"FLK"
-79.5823230881243,26.3509646253763,"FLK"
-79.5824631284179,26.3479910990007,"FLK"
-79.5827262300992,26.3408046745585,"FLK"
-79.5828662460173,26.337831147217,"FLK"
-79.5831293720468,26.3306447237413,"FLK"
-79.5832693636435,26.3276711954363,"FLK"
-79.5833519020325,26.3254171387901,"FLK"
-79.5834295646949,26.3204861341899,"FLK"
-79.5836956245927,26.3103279959651,"FLK"
-79.5840677771655,26.3001684549104,"FLK"
-79.5844162403197,26.2927649008334,"FLK"
-79.5845172723931,26.2900078911786,"FLK"
-79.5849955400404,26.2798469469979,"FLK"
-79.5855797735211,26.2696846016647,"FLK"
-79.5862699728352,26.2595208551788,"FLK"
-79.5870661379829,26.2493557075404,"FLK"
-79.5879682689638,26.2391891587491,"FLK"
-79.5881386323234,26.2374708256621,"FLK"
-79.5883667346165,26.2290292697651,"FLK"
-79.5887460867217,26.2188696335133,"FLK"
-79.5892303012433,26.2087086106991,"FLK"
-79.5897371094117,26.1999654538238,"FLK"
-79.5898053647442,26.1985463866175,"FLK"
-79.5901736358987,26.1922400030096,"FLK"
-79.5918829775747,26.1880098543838,"FLK"
-79.5959015043136,26.1783522059625,"FLK"
-79.6000093395128,26.1687606393352,"FLK"
-79.604206483172,26.1592351545024,"FLK"
-79.6084929352913,26.1497757514636,"FLK"
-79.6128686958706,26.1403824302191,"FLK"
-79.6173337649097,26.1310551907695,"FLK"
-79.6175901228581,26.1305338963936,"FLK"
-79.6212187113412,26.1212987025917,"FLK"
-79.625156500209,26.1115813139906,"FLK"
-79.6291870601296,26.1019325692521,"FLK"
-79.6296068681938,26.1009571919104,"FLK"
-79.6332270284055,26.0922907860145,"FLK"
-79.637086681469,26.0833245980981,"FLK"
-79.6409611121541,26.0724224252046,"FLK"
-79.6423664626506,26.0684679412211,"FLK"
-79.6470205193741,26.0558122395556,"FLK"
-79.6607219832628,26.0172612846895,"FLK"
-79.6625742018317,26.0110326264465,"FLK"
-79.6656373604814,26.0011410599628,"FLK"
-79.6686355880514,25.9918332511799,"FLK"
-79.668781852305,25.9913608593997,"FLK"
-79.6687978177383,25.9913023693858,"FLK"
-79.6716514681743,25.9812969478618,"FLK"
-79.6751867200104,25.9694178897584,"FLK"
-79.6759197738958,25.9670543696334,"FLK"
-79.6767602871843,25.9642299657278,"FLK"
-79.6784499800153,25.9583206189984,"FLK"
-79.6799929427034,25.9531510904123,"FLK"
-79.6812584484073,25.9483090786164,"FLK"
-79.6826310515495,25.943295930985,"FLK"
-79.6839531774961,25.9382367719725,"FLK"
-79.6905776957367,25.9140457620242,"FLK"
-79.6925951198497,25.9063216057031,"FLK"
-79.6958106301275,25.8878883741291,"FLK"
-79.6989356660868,25.8686135547146,"FLK"
-79.7039335079789,25.8352393899072,"FLK"
-79.7049047446273,25.8292414213868,"FLK"
-79.7118824711782,25.7779607990963,"FLK"
-79.7125910851976,25.7717062179788,"FLK"
-79.7127637961119,25.7705325015743,"FLK"
-79.7147682842286,25.7565935881238,"FLK"
-79.718430884777,25.7271780725104,"FLK"
-79.7187088895032,25.7250055847404,"FLK"
-79.7193097310589,25.7219620109389,"FLK"
-79.7193735163743,25.7214570946697,"FLK"
-79.7201406776497,25.7157698189226,"FLK"
-79.7209557871794,25.7100882250921,"FLK"
-79.7218188359702,25.7044123122789,"FLK"
-79.7227298195251,25.6987420813825,"FLK"
-79.7236887297504,25.6930775342012,"FLK"
-79.7246955594518,25.6874186716349,"FLK"
-79.7312006993525,25.6525483001644,"FLK"
-79.7312976804429,25.6520305316842,"FLK"
-79.7313950644303,25.651512780291,"FLK"
-79.7314928495148,25.6509950441865,"FLK"
-79.7315910365967,25.6504773251692,"FLK"
-79.7316896256752,25.6499596223392,"FLK"
-79.7317886158516,25.6494419356976,"FLK"
-79.7318880089239,25.6489242652432,"FLK"
-79.7319878030941,25.648406610977,"FLK"
-79.7320879992613,25.6478889737975,"FLK"
-79.7321885965262,25.6473713528059,"FLK"
-79.7352761031092,25.6315474243747,"FLK"
-79.7375496899655,25.5932882986165,"FLK"
-79.7401550789931,25.5608105302823,"FLK"
-79.7386180629728,25.547403047813,"FLK"
-79.7384320220197,25.5457459507154,"FLK"
-79.7382498292658,25.5440882420792,"FLK"
-79.7380714838114,25.5424299201053,"FLK"
-79.7378969856568,25.5407709856932,"FLK"
-79.7377263339028,25.5391114379429,"FLK"
-79.7375595294483,25.5374512786538,"FLK"
-79.7373965713943,25.5357905060276,"FLK"
-79.7372374597404,25.5341291209626,"FLK"
-79.7370821944873,25.5324671234596,"FLK"
-79.7369307747352,25.5308045126185,"FLK"
-79.7313777623734,25.4682031915244,"FLK"
-79.7295241184429,25.450617287958,"FLK"
-79.7277168723353,25.4392959943152,"FLK"
-79.7275271630477,25.4380954515442,"FLK"
-79.7273392721894,25.4368942162955,"FLK"
-79.7271531997598,25.4356922894679,"FLK"
-79.7269689448604,25.4344896692634,"FLK"
-79.7267865083902,25.4332863574799,"FLK"
-79.726605890349,25.4320823532184,"FLK"
-79.726427089838,25.4308776564793,"FLK"
-79.7262501068565,25.429672268161,"FLK"
-79.7260749423041,25.4284661864659,"FLK"
-79.725901595282,25.4272594131919,"FLK"
-79.7244935807138,25.4173474462282,"FLK"
-79.7234413784166,25.4093584654214,"FLK"
-79.722467419835,25.4013386000968,"FLK"
-79.7215716914801,25.3932878421608,"FLK"
-79.720754185257,25.3852061862169,"FLK"
-79.7200148876764,25.3770936232725,"FLK"
-79.7193537897451,25.368950146133,"FLK"
-79.7187708815705,25.3607757476033,"FLK"
-79.7182661514614,25.3525704195896,"FLK"
-79.7178395895251,25.3443341548978,"FLK"
-79.7174911849697,25.3360669454338,"FLK"
-79.7167550871771,25.3134638428825,"FLK"
-79.7149001005588,25.2897260513167,"FLK"
-79.7133175644535,25.2765077493336,"FLK"
-79.7120055300306,25.2641515410613,"FLK"
-79.7108511071924,25.2517147238556,"FLK"
-79.7098542725562,25.2391972671408,"FLK"
-79.7092935110862,25.2307799365452,"FLK"
-79.7089963094316,25.2266086012064,"FLK"
-79.708257620692,25.2139586114014,"FLK"
-79.7081131374107,25.2107973253366,"FLK"
-79.7090257415442,25.2001564992234,"FLK"
-79.7107241175234,25.1836593086308,"FLK"
-79.7127121498455,25.1670889429009,"FLK"
-79.7140738844016,25.1571383419616,"FLK"
-79.7158428841414,25.1504429864553,"FLK"
-79.7161272785508,25.1494781299122,"FLK"
-79.7218128689685,25.1232719493414,"FLK"
-79.7249668345513,25.1104775931667,"FLK"
-79.7609956812053,25.0599288251559,"FLK"
-79.7869798938066,25.03013501422,"FLK"
-79.8079941587029,25.0016936631324,"FLK"
-79.8114298243265,24.9965102712325,"FLK"
-79.8223684681299,24.9769403301327,"FLK"
-79.8598950789944,24.9233269225998,"FLK"
-79.8703795273929,24.9079508439568,"FLK"
-79.8810847089917,24.8920618549712,"FLK"
-79.9092751330406,24.8582076436683,"FLK"
-79.9413786125323,24.8179570726613,"FLK"
-79.9462567763288,24.8117372219957,"FLK"
-79.9626468073038,24.7946893945004,"FLK"
-79.9690809241449,24.7878390552286,"FLK"
-79.9848301431959,24.7703626450207,"FLK"
-80.0138832895818,24.7331478147203,"FLK"
-80.0594213472169,24.6855454775422,"FLK"
-80.0836934350037,24.6561080769267,"FLK"
-80.1580171518694,24.582279560054,"FLK"
-80.2048179080196,24.5439526038302,"FLK"
-80.214352059,24.5405095358869,"FLK"
-80.2248664602187,24.5359273209896,"FLK"
-80.2690975412179,24.5188492528911,"FLK"
-80.2733562510896,24.5167080453404,"FLK"
-80.2901148368298,24.5091797224669,"FLK"
-80.3211588663883,24.4944767620934,"FLK"
-80.3694103153335,24.4742057077278,"FLK"
-80.4181946251815,24.4562643246395,"FLK"
-80.4626348992807,24.4421974286687,"FLK"
-80.4674418052946,24.4403475421061,"FLK"
-80.4741161229602,24.4381299857107,"FLK"
-80.5159295663958,24.4211009630396,"FLK"
-80.6597269878098,24.3703717451602,"FLK"
-80.7274627641948,24.336898304114,"FLK"
-80.7294052746331,24.3359432232017,"FLK"
-80.7313505540842,24.334991760262,"FLK"
-80.7332986034473,24.3340439161942,"FLK"
-80.7352494209235,24.3330996909984,"FLK"
-80.7372030074123,24.3321590837752,"FLK"
-80.7391593629137,24.3312220954238,"FLK"
-80.7411184865286,24.3302887268438,"FLK"
-80.7430803791555,24.3293589762361,"FLK"
-80.7446920928655,24.3285992226765,"FLK"
-80.7450198004231,24.3283999194213,"FLK"
-80.7468466877239,24.3272940635705,"FLK"
-80.8065642859126,24.2913102765486,"FLK"
-80.8484147139675,24.2619699325669,"FLK"
-80.8486716727589,24.2617898775016,"FLK"
-80.8489287061944,24.2616098826907,"FLK"
-80.8491858160721,24.261429949933,"FLK"
-80.8494430005936,24.2612500765302,"FLK"
-80.8497002597589,24.2610702651811,"FLK"
-80.8499575953661,24.2608905140864,"FLK"
-80.8502150056177,24.2607108232464,"FLK"
-80.8504724905126,24.2605311944594,"FLK"
-80.85073005185,24.2603516259274,"FLK"
-80.850987687831,24.2601721176499,"FLK"
-80.8685216204759,24.2479624718909,"FLK"
-80.8690604537765,24.2475877270925,"FLK"
-80.8695996225239,24.2472132323051,"FLK"
-80.8701391285175,24.2468389893284,"FLK"
-80.8706789717568,24.2464649972623,"FLK"
-80.8712191504429,24.2460912570064,"FLK"
-80.8717596663749,24.2457177667619,"FLK"
-80.872300519553,24.2453445274286,"FLK"
-80.8728417081779,24.2449715399054,"FLK"
-80.8733832340486,24.2445988032927,"FLK"
-80.8739250971649,24.244226317591,"FLK"
-80.9508626090216,24.191395559458,"FLK"
-80.9520498822956,24.1905821820227,"FLK"
-80.9532388552884,24.1897696949159,"FLK"
-80.9544295279999,24.1889580972389,"FLK"
-80.9556218995305,24.1881473898905,"FLK"
-80.95681597078,24.1873375728712,"FLK"
-80.9580117408487,24.1865286452814,"FLK"
-80.9592092097369,24.1857206089195,"FLK"
-80.9604083783436,24.1849134610879,"FLK"
-80.9616092448701,24.1841072044842,"FLK"
-80.9628118111157,24.1833018373107,"FLK"
-80.9727362723606,24.1766719155769,"FLK"
-80.9795060638534,24.1722164502294,"FLK"
-80.9795596796349,24.1721811662284,"FLK"
-80.9796132999133,24.172145884026,"FLK"
-80.9796669228897,24.172110603622,"FLK"
-80.9797205494633,24.172075325017,"FLK"
-80.9797741787349,24.1720400473108,"FLK"
-80.9798278125029,24.172004772303,"FLK"
-80.9798814480699,24.1719694981945,"FLK"
-80.9799350881335,24.1719342258843,"FLK"
-80.9799887308947,24.1718989553732,"FLK"
-80.9800423772535,24.1718636866601,"FLK"
-81.0275033086305,24.1406608521171,"FLK"
-81.0289073967584,24.1397400281805,"FLK"
-81.0303137358895,24.1388201161561,"FLK"
-81.0317223269236,24.1379011178429,"FLK"
-81.0331331689599,24.1369830323416,"FLK"
-81.034546262,24.1360658596521,"FLK"
-81.0359616051437,24.1351495997748,"FLK"
-81.0373792001895,24.1342342536086,"FLK"
-81.0387990453393,24.133319820254,"FLK"
-81.0402211414918,24.1324062997114,"FLK"
-81.0416454877486,24.1314936919808,"FLK"
-81.0581041423918,24.1209750729419,"FLK"
-81.0614994320525,24.1186911115062,"FLK"
-81.1111876828649,24.0741805571876,"FLK"
-81.1405321907076,24.0454626654701,"FLK"
-81.1614789416993,24,"FLK"
-81.6941540238886,24.6551628112152,"FLK"
-81.4526722427295,24.7321403024337,"FLK"
-81.0319155453655,24.7367799282516,"FLK"
-80.4976893664708,25.1023482084037,"FLK"
-80.2569788690791,25.3336272241178,"FLK"
-80.0961910481781,26.9470179076507,"FLK"
-80.3068257567029,27.4916857478993,"FLK"
-80.46,28,"FLK"
-80.46,28,"NCFL"
-80.8140329126884,28.8841592073823,"NCFL"
-81.2098677162218,29.6170935628183,"NCFL"
-81.5756814483395,30.3884700533508,"NCFL"
-81.4920799736115,30.4038093092529,"NCFL"
-81.683297753488,30.9545211791098,"NCFL"
-81.339172601534,31.2216035130923,"NCFL"
-81.4433676005338,31.336024523214,"NCFL"
-81.4765371085004,31.3394639489027,"NCFL"
-81.4850349428079,31.3625279665928,"NCFL"
-81.2211110593277,31.6816666129243,"NCFL"
-81.178500651983,31.8164062497494,"NCFL"
-81.0596679447195,31.9019738439181,"NCFL"
-80.8525465726659,32.1527599093429,"NCFL"
-80.7304376360875,32.1883790491547,"NCFL"
-80.8646668195175,32.2231241468623,"NCFL"
-80.7614656685056,32.3112864497105,"NCFL"
-80.6021399500984,32.4513113500394,"NCFL"
-80.4280642268822,32.496516704383,"NCFL"
-80.2328810690058,32.561031460834,"NCFL"
-80.1392016412423,32.6648700234337,"NCFL"
-80.6671440600498,32.6673536298669,"NCFL"
-79.9036132100811,32.694176912635,"NCFL"
-79.7485934492281,32.8653330803583,"NCFL"
-79.6288253067423,32.9447623492036,"NCFL"
-79.2231177089148,33.4245680572707,"NCFL"
-77.9450000524103,33.9386111498854,"NCFL"
-77.7707202433441,34.2660844323511,"NCFL"
-77.5732002259093,34.4139131304871,"NCFL"
-76.7185212375646,34.7362427710877,"NCFL"
-76.4389729501412,34.9255477190525,"NCFL"
-76.5788887734977,35,"NCFL"
-71.4457897888672,35.0058123717444,"NCFL"
-71.448665933186,34.9892968862427,"NCFL"
-71.4516411711025,34.972793138693,"NCFL"
-71.4547150259774,34.9563018485518,"NCFL"
-71.4578876902644,34.9398233422741,"NCFL"
-71.4611588752815,34.9233578653738,"NCFL"
-71.4629801391218,34.9144048221255,"NCFL"
-71.4650512912834,34.9043502370742,"NCFL"
-71.4685188495649,34.8879120653899,"NCFL"
-71.4720848359461,34.8714883736903,"NCFL"
-71.4757486739616,34.8550794893277,"NCFL"
-71.4795104607388,34.8386854230945,"NCFL"
-71.4833698131658,34.8223070527289,"NCFL"
-71.4873266359151,34.8059446282427,"NCFL"
-71.4913809298856,34.7895984760896,"NCFL"
-71.4955325026224,34.7732690819031,"NCFL"
-71.499781258798,34.7569568530767,"NCFL"
-71.5041268170987,34.7406619595823,"NCFL"
-71.5085690821971,34.7243851253738,"NCFL"
-71.513107956067,34.7081265995635,"NCFL"
-71.5177432498507,34.6918866339614,"NCFL"
-71.5224746766646,34.6756657942414,"NCFL"
-71.5273023309373,34.6594644877968,"NCFL"
-71.5273561310801,34.659286116262,"NCFL"
-71.5305059561844,34.6465859110118,"NCFL"
-71.5346461569943,34.6302553297201,"NCFL"
-71.5388832561571,34.6139419659494,"NCFL"
-71.5432171556466,34.5976460697109,"NCFL"
-71.5476476657067,34.5813680501962,"NCFL"
-71.5490743663887,34.5762043489522,"NCFL"
-71.5529646797756,34.5622524690768,"NCFL"
-71.5575877418803,34.5460113370542,"NCFL"
-71.5623067463588,34.5297892301895,"NCFL"
-71.5662433100803,34.5165178052532,"NCFL"
-71.5692936575762,34.5058332478068,"NCFL"
-71.5740092221475,34.4896108378705,"NCFL"
-71.5788208217232,34.4734079567125,"NCFL"
-71.583728269244,34.4572248552433,"NCFL"
-71.5887310835724,34.4410620217957,"NCFL"
-71.5938292674066,34.4249198682583,"NCFL"
-71.5990225320638,34.4087987228834,"NCFL"
-71.6043110691002,34.3926989211191,"NCFL"
-71.6096944009755,34.3766210313362,"NCFL"
-71.6151723361342,34.3605652253055,"NCFL"
-71.6207445885915,34.3445319949561,"NCFL"
-71.6264112536761,34.3285218331168,"NCFL"
-71.6321720454033,34.3125349906977,"NCFL"
-71.6380268666462,34.2965718031467,"NCFL"
-71.6439751454362,34.2806329998135,"NCFL"
-71.6500171668585,34.2647183576666,"NCFL"
-71.6561521682877,34.2488288470745,"NCFL"
-71.6623805310363,34.2329645633647,"NCFL"
-71.6687017766654,34.217125761046,"NCFL"
-71.6751156200893,34.2013131721657,"NCFL"
-71.6816220604094,34.1855268929521,"NCFL"
-71.6882209060698,34.169767417133,"NCFL"
-71.6949116804293,34.1540351601951,"NCFL"
-71.7016942872612,34.1383304557866,"NCFL"
-71.7085687247663,34.1226536420528,"NCFL"
-71.7155345190025,34.1070051326811,"NCFL"
-71.7225916672716,34.0913852649187,"NCFL"
-71.7297397882604,34.0757945333914,"NCFL"
-71.7369785941864,34.0602331152667,"NCFL"
-71.7443080859491,34.044701587009,"NCFL"
-71.7517278822356,34.0292001248864,"NCFL"
-71.7592377896919,34.013729227123,"NCFL"
-71.7668376203592,33.9982892300646,"NCFL"
-71.7745272753133,33.9828804709576,"NCFL"
-71.782306087256,33.9675034480265,"NCFL"
-71.7901744383992,33.9521583393365,"NCFL"
-71.7981315634205,33.9368457213538,"NCFL"
-71.806177463219,33.9215656147622,"NCFL"
-71.8143119471381,33.9063188361459,"NCFL"
-71.8225345358397,33.8911053252511,"NCFL"
-71.8308453255509,33.8759256603417,"NCFL"
-71.8392437452023,33.8607804187818,"NCFL"
-71.8477297911966,33.8456693847348,"NCFL"
-71.856302986893,33.8305935330659,"NCFL"
-71.8649635238472,33.8155527252787,"NCFL"
-71.8737106376354,33.8005475414365,"NCFL"
-71.8825444253847,33.7855783205839,"NCFL"
-71.8914642144017,33.7706456427826,"NCFL"
-71.9004703886969,33.7557494495783,"NCFL"
-71.9095620903177,33.7408904010715,"NCFL"
-71.9187395081216,33.7260686780277,"NCFL"
-71.9280021636687,33.7112846212889,"NCFL"
-71.9373496774455,33.6965386508389,"NCFL"
-71.9467820467536,33.6818311093189,"NCFL"
-71.956298794953,33.6671624167126,"NCFL"
-71.9658999229426,33.6525327555827,"NCFL"
-71.9755848551566,33.6379427077901,"NCFL"
-71.9853534027368,33.6233924549987,"NCFL"
-71.9952054685573,33.6088822580102,"NCFL"
-72.0051406713046,33.5944125413064,"NCFL"
-72.0151587240955,33.5799836439307,"NCFL"
-72.0252593391467,33.5655960713021,"NCFL"
-72.0354423267017,33.5512499250448,"NCFL"
-72.0457071138918,33.5369455460009,"NCFL"
-72.0560537942469,33.5226834395897,"NCFL"
-72.0664818920254,33.5084639475539,"NCFL"
-72.0769913101003,33.4942870932751,"NCFL"
-72.0875814756042,33.4801535395549,"NCFL"
-72.0982523894359,33.4660635498935,"NCFL"
-72.1090035722567,33.452017468732,"NCFL"
-72.1198346427542,33.4380155577726,"NCFL"
-72.1307456971559,33.4240580823156,"NCFL"
-72.1417360645674,33.4101453841029,"NCFL"
-72.1528056523584,33.3962779685542,"NCFL"
-72.1639539802917,33.3824560209294,"NCFL"
-72.1751811436945,33.3686798029312,"NCFL"
-72.1864862837145,33.3549496598993,"NCFL"
-72.1978694956803,33.3412660945555,"NCFL"
-72.2093304936068,33.3276293748966,"NCFL"
-72.2208686083991,33.3140396816866,"NCFL"
-72.2324839335863,33.300497362064,"NCFL"
-72.2441761849825,33.287002758671,"NCFL"
-72.2559446916939,33.2735562177461,"NCFL"
-72.2677893601904,33.2601580828298,"NCFL"
-72.2797099980176,33.2468084600428,"NCFL"
-72.2917058398522,33.2335079339446,"NCFL"
-72.3037771752759,33.2202566888959,"NCFL"
-72.3159235240511,33.2070549910959,"NCFL"
-72.3281441217536,33.1939032659236,"NCFL"
-72.3404391608383,33.1808017768809,"NCFL"
-72.3528082581942,33.1677506309873,"NCFL"
-72.3652508409532,33.1547505728814,"NCFL"
-72.3777668128878,33.1418013876245,"NCFL"
-72.3903556955586,33.1289037407154,"NCFL"
-72.4030173963355,33.1160577391742,"NCFL"
-72.4157514349805,33.1032637274397,"NCFL"
-72.4285573330541,33.0905221299929,"NCFL"
-72.4414351876834,33.0778331347922,"NCFL"
-72.4543843306719,33.0651970071366,"NCFL"
-72.4674044733375,33.0526140905684,"NCFL"
-72.4804952343673,33.040084653085,"NCFL"
-72.493656423105,33.0276090400261,"NCFL"
-72.5068877508688,33.015187435752,"NCFL"
-72.5201887428159,33.0028202692404,"NCFL"
-72.5335592055926,32.9905076430139,"NCFL"
-72.546998757886,32.9782499051099,"NCFL"
-72.5605068268283,32.9660475609471,"NCFL"
-72.5740834106205,32.9539006366056,"NCFL"
-72.5877279381935,32.9418093973864,"NCFL"
-72.6014402170921,32.9297741886286,"NCFL"
-72.6152200557607,32.9177953583695,"NCFL"
-72.6290665953466,32.9058730900719,"NCFL"
-72.6429799302792,32.8940078127111,"NCFL"
-72.6569594876898,32.8821997106488,"NCFL"
-72.6710050769223,32.8704489700449,"NCFL"
-72.6851164119923,32.8587558561985,"NCFL"
-72.6992930126619,32.8471207153493,"NCFL"
-72.7135344031895,32.8355438937365,"NCFL"
-72.7278404873481,32.8240254983784,"NCFL"
-72.7422105960416,32.8125659528569,"NCFL"
-72.7566448245987,32.8011653641909,"NCFL"
-72.7711425048221,32.7898241595578,"NCFL"
-72.7857032536017,32.7785424432798,"NCFL"
-72.8003269774076,32.7673205606958,"NCFL"
-72.8150131960019,32.7561587798044,"NCFL"
-72.8297612420873,32.7450572849663,"NCFL"
-72.8445711138654,32.7340163405822,"NCFL"
-72.8594425271505,32.7230362137507,"NCFL"
-72.8743748101487,32.7121172516103,"NCFL"
-72.8893677740032,32.7012595566836,"NCFL"
-72.9044211318295,32.6904634779076,"NCFL"
-72.9195342136328,32.6797291978451,"NCFL"
-72.9347070212117,32.6690570636332,"NCFL"
-72.949938978101,32.6584472614329,"NCFL"
-72.9652297047865,32.6478998928664,"NCFL"
-72.9805789143851,32.6374153869111,"NCFL"
-72.9968000059151,32.6264465528666,"NCFL"
-73.0118529806303,32.616365579908,"NCFL"
-73.0273752476691,32.606070899253,"NCFL"
-73.042954467874,32.5958400605712,"NCFL"
-73.0585904505885,32.5856731699815,"NCFL"
-73.0742827173731,32.5755705719253,"NCFL"
-73.0900306953599,32.5655323707231,"NCFL"
-73.1058340023368,32.5555589926539,"NCFL"
-73.1216925420767,32.545650300122,"NCFL"
-73.1376058370393,32.5358069604235,"NCFL"
-73.153573505912,32.5260289160022,"NCFL"
-73.1695951655839,32.5163164321582,"NCFL"
-73.1856702431868,32.5066697723926,"NCFL"
-73.2017987378212,32.4970891219662,"NCFL"
-73.2179799821902,32.48757466434,"NCFL"
-73.2342134960555,32.4781269067317,"NCFL"
-73.2504991858883,32.4687456288083,"NCFL"
-73.2668367648044,32.4594311750092,"NCFL"
-73.2832253721529,32.4501840525528,"NCFL"
-73.2996649117058,32.4410040420036,"NCFL"
-73.31615500395,32.431891728821,"NCFL"
-73.3326951677475,32.4228470563469,"NCFL"
-73.3492851189129,32.413870285386,"NCFL"
-73.3659243781071,32.404961762176,"NCFL"
-73.3826126593464,32.3961215083017,"NCFL"
-73.399349484191,32.3873497872634,"NCFL"
-73.4161342797727,32.3786468625634,"NCFL"
-73.4329671432186,32.3700129167634,"NCFL"
-73.4498472111795,32.3614481342247,"NCFL"
-73.4667742947975,32.3529526138728,"NCFL"
-73.4837480118608,32.3445266201084,"NCFL"
-73.5007679792583,32.3361704164321,"NCFL"
-73.5178337203496,32.3278840208317,"NCFL"
-73.5349448511236,32.3196677004049,"NCFL"
-73.5521010855962,32.3115217950956,"NCFL"
-73.5693018508991,32.3034464083257,"NCFL"
-73.586546764821,32.2954415580822,"NCFL"
-73.6038355413767,32.2875075069667,"NCFL"
-73.621167795657,32.2796444366418,"NCFL"
-73.6298329200529,32.27574739093,"NCFL"
-73.6402827085797,32.2665940578702,"NCFL"
-73.654019929276,32.2546626281784,"NCFL"
-73.6678237528635,32.2427881714376,"NCFL"
-73.6816933222885,32.23097087021,"NCFL"
-73.6956286357525,32.2192109133539,"NCFL"
-73.7096292166145,32.2075086480064,"NCFL"
-73.723694682663,32.1958645040446,"NCFL"
-73.7378248423419,32.1842785048497,"NCFL"
-73.7520192172127,32.17275099936,"NCFL"
-73.7662775221895,32.1612822528742,"NCFL"
-73.7805992770346,32.1498725351901,"NCFL"
-73.7949842928905,32.1385222743842,"NCFL"
-73.8094321866458,32.1272314929396,"NCFL"
-73.8239426723161,32.1160004597543,"NCFL"
-73.8385152705626,32.1048296038036,"NCFL"
-73.8531496009729,32.0937190303098,"NCFL"
-73.8564240352406,32.0912475773143,"NCFL"
-73.8680938296662,32.0824815561792,"NCFL"
-73.8828506666247,32.0714924855906,"NCFL"
-73.8976680891107,32.0605644987532,"NCFL"
-73.9125458084419,32.0496979428064,"NCFL"
-73.9274838264172,32.0388927592942,"NCFL"
-73.9424812805863,32.0281497036468,"NCFL"
-73.9575380792183,32.0174685546306,"NCFL"
-73.9726535496212,32.0068499049,"NCFL"
-73.9878278851484,31.9962936950986,"NCFL"
-74.0030603213762,31.9858004369415,"NCFL"
-74.0183503780671,31.9753701520114,"NCFL"
-74.0336980588181,31.9650033511244,"NCFL"
-74.0491027871636,31.9546998948852,"NCFL"
-74.0645640882617,31.9444602131689,"NCFL"
-74.080081767859,31.9342846522156,"NCFL"
-74.0956553502138,31.9241734800229,"NCFL"
-74.1112847390989,31.9141265553968,"NCFL"
-74.1269692654187,31.9041445510308,"NCFL"
-74.1427085469616,31.8942273266304,"NCFL"
-74.1585022024141,31.8843753129707,"NCFL"
-74.1743500402217,31.8745887735538,"NCFL"
-74.1902517717015,31.8648677326601,"NCFL"
-74.2062066360271,31.8552127002064,"NCFL"
-74.2222144398443,31.8456236150382,"NCFL"
-74.2382749915969,31.8361007442547,"NCFL"
-74.254387433333,31.8266444340942,"NCFL"
-74.2705519539093,31.8172549516553,"NCFL"
-74.286767693574,31.8079322357846,"NCFL"
-74.3030346541256,31.7986767981964,"NCFL"
-74.3193522608978,31.7894886577761,"NCFL"
-74.3357201316783,31.780368081622,"NCFL"
-74.3521377889275,31.7713153350354,"NCFL"
-74.3686050419888,31.7623305196385,"NCFL"
-74.3851214124229,31.7534139007316,"NCFL"
-74.4016866133462,31.7445656626759,"NCFL"
-74.4182999747636,31.7357859070945,"NCFL"
-74.4349615002727,31.7270750620651,"NCFL"
-74.4516704218521,31.7184332292107,"NCFL"
-74.4684264553164,31.7098605910942,"NCFL"
-74.4852292157554,31.7013571692984,"NCFL"
-74.5020785143113,31.6929234710421,"NCFL"
-74.5189738734451,31.6845595997464,"NCFL"
-74.5359147166902,31.6762654933584,"NCFL"
-74.5529008560892,31.6680416599951,"NCFL"
-74.5699317178741,31.6598881194417,"NCFL"
-74.5870070142617,31.6518050533611,"NCFL"
-74.6041262668135,31.6437928079921,"NCFL"
-74.6212892866708,31.6358514031205,"NCFL"
-74.6384954991675,31.6279810204086,"NCFL"
-74.6557444267635,31.6201818397205,"NCFL"
-74.669032900148,31.6142350574026,"NCFL"
-74.6735927983688,31.6122059341573,"NCFL"
-74.6909262001836,31.6045498508956,"NCFL"
-74.7083011695631,31.596965353669,"NCFL"
-74.7257173260934,31.5894530333317,"NCFL"
-74.7431743810923,31.5820127423947,"NCFL"
-74.760671858819,31.5746448279968,"NCFL"
-74.7782091837065,31.5673492235882,"NCFL"
-74.7957861659984,31.5601262763074,"NCFL"
-74.8134023281545,31.5529761651184,"NCFL"
-74.8310572870639,31.5458989898474,"NCFL"
-74.8487506614134,31.5388948494185,"NCFL"
-74.8664821616218,31.5319640855748,"NCFL"
-74.8842509324343,31.5251066380613,"NCFL"
-74.9020571618082,31.5183227640851,"NCFL"
-74.9198998937646,31.5116126471068,"NCFL"
-74.9377790347743,31.5049763833542,"NCFL"
-74.9556942017256,31.4984142354291,"NCFL"
-74.9736448208515,31.4919260540449,"NCFL"
-74.9916306061673,31.4855124291561,"NCFL"
-75.0096509839054,31.479173213274,"NCFL"
-75.0277056671821,31.4729085026258,"NCFL"
-75.0457944653419,31.4667186407533,"NCFL"
-75.0639165177328,31.460603642045,"NCFL"
-75.0820716336983,31.4545637682037,"NCFL"
-75.1002593347999,31.4485988699424,"NCFL"
-75.1184793359521,31.4427094517803,"NCFL"
-75.1367310633876,31.4368955308047,"NCFL"
-75.1550141330955,31.4311570368684,"NCFL"
-75.1733283553187,31.4254941498356,"NCFL"
-75.191672964735,31.4199073751261,"NCFL"
-75.2100478678145,31.4143963970764,"NCFL"
-75.2248708319231,31.4100124907845,"NCFL"
-75.2301572663443,31.4057732017724,"NCFL"
-75.244417769264,31.3944125933673,"NCFL"
-75.258741052957,31.3831115065916,"NCFL"
-75.2731265472519,31.3718704576559,"NCFL"
-75.2875736756844,31.3606893872063,"NCFL"
-75.3020822502953,31.3495685623401,"NCFL"
-75.3166518870745,31.3385084983693,"NCFL"
-75.3312822991385,31.3275092987157,"NCFL"
-75.3459731996031,31.3165711522373,"NCFL"
-75.3607240173991,31.3056944879108,"NCFL"
-75.3755344629449,31.2948794127557,"NCFL"
-75.3904043455835,31.2841261120312,"NCFL"
-75.4053330951459,31.2734350174127,"NCFL"
-75.4203204211501,31.2628063977976,"NCFL"
-75.4353660376119,31.2522401938306,"NCFL"
-75.4504694678913,31.2417369190243,"NCFL"
-75.465630426003,31.2312967586394,"NCFL"
-75.4808485270377,31.2209199833709,"NCFL"
-75.4961232961528,31.2106067757826,"NCFL"
-75.5114546353229,31.2003573238321,"NCFL"
-75.5268417810231,31.1901719782547,"NCFL"
-75.5422848285816,31.1800509243113,"NCFL"
-75.5577829200454,31.169994346363,"NCFL"
-75.5733362433725,31.160002594245,"NCFL"
-75.5889438452818,31.1500756922399,"NCFL"
-75.6046057230754,31.1402139865869,"NCFL"
-75.6203214019108,31.1304179116582,"NCFL"
-75.6360904986773,31.1206873235619,"NCFL"
-75.6519126311625,31.1110227367104,"NCFL"
-75.6677874162556,31.1014240890509,"NCFL"
-75.6837146633006,31.0918918949953,"NCFL"
-75.6996937032017,31.0824261752284,"NCFL"
-75.7157242499738,31.0730271959487,"NCFL"
-75.7318060158346,31.0636953078927,"NCFL"
-75.7479385241434,31.0544305317442,"NCFL"
-75.7641214880159,31.0452330518643,"NCFL"
-75.7803544290133,31.0361033817663,"NCFL"
-75.7966370611511,31.0270414593965,"NCFL"
-75.8129690022173,31.018047469116,"NCFL"
-75.8293496784445,31.0091216780236,"NCFL"
-75.8457788020496,31.0002644350561,"NCFL"
-75.8622560888472,30.9914758418373,"NCFL"
-75.8787811548262,30.9827561645662,"NCFL"
-75.8953534271186,30.9741053420886,"NCFL"
-75.9119728103962,30.9655238042808,"NCFL"
-75.9286386337656,30.9570117337053,"NCFL"
-75.945350518611,30.9485692337837,"NCFL"
-75.962108176251,30.9401966525542,"NCFL"
-75.9789112235737,30.9318940080025,"NCFL"
-75.9957593763937,30.9236614853901,"NCFL"
-76.0126519629174,30.915499430055,"NCFL"
-76.0295887933877,30.9074079454213,"NCFL"
-76.046569485593,30.8993872958874,"NCFL"
-76.0635934666646,30.8914374167038,"NCFL"
-76.0806605450477,30.8835587404442,"NCFL"
-76.0977701469744,30.8757514469725,"NCFL"
-76.1149221771166,30.8680154742354,"NCFL"
-76.1321157757221,30.8603513321486,"NCFL"
-76.1493507521351,30.8527588759219,"NCFL"
-76.1666270092285,30.8452385327328,"NCFL"
-76.1839436881504,30.8377903232653,"NCFL"
-76.201300502016,30.8304143428481,"NCFL"
-76.21869726017,30.8231110249544,"NCFL"
-76.2361333879452,30.8158803021349,"NCFL"
-76.2536086002563,30.8087225197292,"NCFL"
-76.2711223224367,30.8016376984215,"NCFL"
-76.2886742676029,30.7946260153791,"NCFL"
-76.3062640553414,30.7876876531631,"NCFL"
-76.3238912063138,30.7808227115995,"NCFL"
-76.3415552429797,30.7740314550884,"NCFL"
-76.3592557840269,30.7673141444326,"NCFL"
-76.3769926370003,30.7606706321444,"NCFL"
-76.3947654196878,30.7541012626636,"NCFL"
-76.4125732741369,30.7476059712392,"NCFL"
-76.4304162938765,30.7411853478264,"NCFL"
-76.4482936191548,30.7348391630975,"NCFL"
-76.4662051537444,30.7285676769574,"NCFL"
-76.4841505181315,30.7223708237551,"NCFL"
-76.4940653656238,30.7189841945657,"NCFL"
-76.497918890444,30.7155148844048,"NCFL"
-76.5113418151723,30.7035053593857,"NCFL"
-76.5248304848387,30.6915524628764,"NCFL"
-76.5383848041147,30.6796563828364,"NCFL"
-76.5520043898903,30.6678175554367,"NCFL"
-76.5656887646244,30.6560359995623,"NCFL"
-76.5794378338883,30.6443124850339,"NCFL"
-76.5932509276878,30.6326466997859,"NCFL"
-76.6071280460222,30.6210392472643,"NCFL"
-76.621068519796,30.6094903118293,"NCFL"
-76.6350722536812,30.5980003305514,"NCFL"
-76.6491387710368,30.5865694086521,"NCFL"
-76.6632676878532,30.5751977331894,"NCFL"
-76.6774588143725,30.5638856548995,"NCFL"
-76.6917118628118,30.5526333617408,"NCFL"
-76.7060262603034,30.5414412907837,"NCFL"
-76.7204016246347,30.5303095454498,"NCFL"
-76.7348377651503,30.5192383109999,"NCFL"
-76.7493343940666,30.5082281908788,"NCFL"
-76.7638909394149,30.4972792057713,"NCFL"
-76.7785073040685,30.4863916263729,"NCFL"
-76.7931828198309,30.4755654715698,"NCFL"
-76.8079173922735,30.4648013448067,"NCFL"
-76.8227106373857,30.4540994322437,"NCFL"
-76.8375618860718,30.4434600027776,"NCFL"
-76.852471236358,30.4328829970536,"NCFL"
-76.8674381117791,30.4223690140198,"NCFL"
-76.8824622290483,30.4119180752593,"NCFL"
-76.8975431070282,30.4015305333081,"NCFL"
-76.9126802699781,30.391206657062,"NCFL"
-76.9278735272411,30.3809466335808,"NCFL"
-76.9406653037125,30.3723937040697,"NCFL"
-76.9431227807914,30.3707505680849,"NCFL"
-76.945874920291,30.3689286360481,"NCFL"
-76.9584271717761,30.360618976785,"NCFL"
-76.9737865113379,30.3505518812649,"NCFL"
-76.9791167739121,30.3470930159689,"NCFL"
-76.9892004127685,30.3405496331594,"NCFL"
-77.0046687852359,30.3306122531534,"NCFL"
-77.0201908598199,30.3207402601554,"NCFL"
-77.0357664485624,30.3109335066766,"NCFL"
-77.051395169251,30.301192678,"NCFL"
-77.0670768294318,30.2915177120732,"NCFL"
-77.0828106637808,30.2819087096196,"NCFL"
-77.0985965787688,30.2723664395598,"NCFL"
-77.1144341912846,30.2628905061924,"NCFL"
-77.1303229275605,30.2534813438895,"NCFL"
-77.1462626931681,30.2441392224477,"NCFL"
-77.162252819012,30.2348644089658,"NCFL"
-77.1782933032927,30.2256570077652,"NCFL"
-77.1943832880579,30.2165172859446,"NCFL"
-77.2105228677355,30.2074454296637,"NCFL"
-77.2267111825744,30.198441458707,"NCFL"
-77.2315446671522,30.1957716809191,"NCFL"
-77.23091110916,30.1947331519139,"NCFL"
-77.2219575856736,30.1799586252909,"NCFL"
-77.213091788355,30.165144741637,"NCFL"
-77.2043138080352,30.1502919038491,"NCFL"
-77.1956237427411,30.1354006758011,"NCFL"
-77.1870220700121,30.1204713731557,"NCFL"
-77.1785086936207,30.1055042297371,"NCFL"
-77.1700841882345,30.0904998130164,"NCFL"
-77.1617480736143,30.0754585213944,"NCFL"
-77.1535012131102,30.0603806732299,"NCFL"
-77.1453432218117,30.0452665841862,"NCFL"
-77.137274579058,30.0301166571586,"NCFL"
-77.1292953792779,30.0149313750834,"NCFL"
-77.1221168710961,30.0010913411931,"NCFL"
-77.1210264440145,29.9989757841055,"NCFL"
-77.1132268964037,29.9837209664499,"NCFL"
-77.1055170768512,29.9684319970396,"NCFL"
-77.0978973720654,29.95310927967,"NCFL"
-77.0903679700055,29.9377529663267,"NCFL"
-77.0829289659986,29.9223639590302,"NCFL"
-77.0755805542988,29.9069421606525,"NCFL"
-77.0683226350812,29.8914880577282,"NCFL"
-77.0611557848113,29.876002470438,"NCFL"
-77.054079715706,29.8604851343819,"NCFL"
-77.0470950024321,29.8449371188534,"NCFL"
-77.0405454639017,29.8301414437731,"NCFL"
-77.037916533321,29.824172411328,"NCFL"
-77.0311145281125,29.8085634343557,"NCFL"
-77.0244042600481,29.7929248238221,"NCFL"
-77.0177854422437,29.7772568198468,"NCFL"
-77.0112584569118,29.7615595744155,"NCFL"
-77.0048234002792,29.7458339940441,"NCFL"
-76.9984804612039,29.730080067042,"NCFL"
-76.9922296423838,29.7142984490147,"NCFL"
-76.9905163601417,29.7099272771227,"NCFL"
-76.9852830558678,29.6964767980663,"NCFL"
-76.9792168579713,29.6806409464231,"NCFL"
-76.9732432560709,29.6647782886876,"NCFL"
-76.972599472787,29.6630526245797,"NCFL"
-76.967181070949,29.6484044320193,"NCFL"
-76.9655210150824,29.643869007949,"NCFL"
-76.9646502788867,29.6414991261843,"NCFL"
-76.9588622538897,29.6255847331493,"NCFL"
-76.9531669211162,29.6096452544255,"NCFL"
-76.9500965061485,29.6009319416562,"NCFL"
-76.9464965011123,29.5918048705987,"NCFL"
-76.9403424826189,29.5759964060101,"NCFL"
-76.9342807759367,29.5601610435979,"NCFL"
-76.9283115699227,29.5442990261797,"NCFL"
-76.9224346748198,29.5284108429867,"NCFL"
-76.9166502803859,29.5124969023107,"NCFL"
-76.9118164135962,29.498977912901,"NCFL"
-76.9106280386525,29.4956264921694,"NCFL"
-76.9050293173487,29.4796623612294,"NCFL"
-76.8995232873694,29.4636737813205,"NCFL"
-76.8941105215829,29.4476610743995,"NCFL"
-76.8887906422736,29.43162456782,"NCFL"
-76.8835639318295,29.4155647544107,"NCFL"
-76.8784304873765,29.3994821252006,"NCFL"
-76.8733904995715,29.3833769239064,"NCFL"
-76.8684437777578,29.3672498106311,"NCFL"
-76.8635906088191,29.3511011136259,"NCFL"
-76.8588310880839,29.3349309902736,"NCFL"
-76.8541652146526,29.3187401870106,"NCFL"
-76.8495929912232,29.3025288621179,"NCFL"
-76.8451147010822,29.2862975956581,"NCFL"
-76.840730345129,29.2700468004199,"NCFL"
-76.8364397336064,29.253776801059,"NCFL"
-76.8322432478273,29.2374880949005,"NCFL"
-76.828140601807,29.2211810101959,"NCFL"
-76.8241324628423,29.2048559597354,"NCFL"
-76.8202181636372,29.1885135253794,"NCFL"
-76.8163982779577,29.1721538663085,"NCFL"
-76.8126727077788,29.1557775643836,"NCFL"
-76.8090413595707,29.1393851160308,"NCFL"
-76.8055044239895,29.1229766858258,"NCFL"
-76.802061997263,29.1065529383679,"NCFL"
-76.7987140775921,29.0901141200713,"NCFL"
-76.7954604752204,29.0736607300594,"NCFL"
-76.792301572359,29.0571931820203,"NCFL"
-76.7892371765541,29.0407118087039,"NCFL"
-76.7862673858305,29.0242171092327,"NCFL"
-76.7833923899462,29.0077095827314,"NCFL"
-76.7806119011178,28.9911894783124,"NCFL"
-76.7779260173713,28.9746573787356,"NCFL"
-76.7753350219932,28.9581133658394,"NCFL"
-76.7728388232527,28.9415581932566,"NCFL"
-76.7704373231235,28.9249923601097,"NCFL"
-76.7681304262775,28.9084160327739,"NCFL"
-76.7659185158264,28.8918294621604,"NCFL"
-76.7638013039866,28.8752336519121,"NCFL"
-76.7617789832133,28.8586285183918,"NCFL"
-76.7598512657228,28.8420144770868,"NCFL"
-76.7580185346274,28.8253923706618,"NCFL"
-76.7576550268575,28.8219898009892,"NCFL"
-76.7562446677567,28.8084259542948,"NCFL"
-76.7546014301113,28.7917883291685,"NCFL"
-76.7530530826333,28.7751436416663,"NCFL"
-76.7515995308933,28.7584923153686,"NCFL"
-76.7502405833358,28.7418347657626,"NCFL"
-76.7489765250463,28.7251712491546,"NCFL"
-76.7478073569235,28.708502520076,"NCFL"
-76.7467327929836,28.6918286648614,"NCFL"
-76.7457530238823,28.6751502707688,"NCFL"
-76.7448679533931,28.6584676777416,"NCFL"
-76.7440774870857,28.6417815575732,"NCFL"
-76.7433817202898,28.6250919138615,"NCFL"
-76.7433666215718,28.6246990899919,"NCFL"
-76.7421468072287,28.6211812290311,"NCFL"
-76.7366667703548,28.6051957319976,"NCFL"
-76.7312789463658,28.5891859307867,"NCFL"
-76.7259833379604,28.5731524935933,"NCFL"
-76.7207797526831,28.5570956632348,"NCFL"
-76.715668955857,28.5410158516008,"NCFL"
-76.714366004587,28.5368660640181,"NCFL"
-76.7117134712993,28.5294944803866,"NCFL"
-76.7060533038165,28.5135591349465,"NCFL"
-76.7031331080061,28.5052250473988,"NCFL"
-76.6961231660509,28.490375663906,"NCFL"
-76.6889344316782,28.4749293158358,"NCFL"
-76.681835142977,28.4594510454298,"NCFL"
-76.6748252010219,28.4439413437184,"NCFL"
-76.6679050842519,28.4284003707809,"NCFL"
-76.6610749851218,28.4128287876193,"NCFL"
-76.6543347111776,28.3972267543119,"NCFL"
-76.6476846464288,28.3815949318613,"NCFL"
-76.6411246919506,28.3659336503184,"NCFL"
-76.6346552335518,28.3502430652659,"NCFL"
-76.6282760787777,28.3345240103753,"NCFL"
-76.6219877051681,28.3187765611899,"NCFL"
-76.6157901118237,28.3030012132359,"NCFL"
-76.6096833014428,28.2871982947661,"NCFL"
-76.6093966227553,28.2864442779818,"NCFL"
-76.610188235698,28.2864367488576,"NCFL"
-76.612075913572,28.2864189009119,"NCFL"
-76.6221839831039,28.286513978138,"NCFL"
-76.6410616233947,28.286689245213,"NCFL"
-76.6599390721298,28.2868619744015,"NCFL"
-76.6788169030773,28.2870320802667,"NCFL"
-76.6976946377969,28.2871996482457,"NCFL"
-76.7165724687439,28.2873645092655,"NCFL"
-76.7354502996911,28.2875267478618,"NCFL"
-76.754328322194,28.287686534007,"NCFL"
-76.7732064400248,28.2878435268578,"NCFL"
-76.792084461628,28.2879980681568,"NCFL"
-76.8109624841309,28.2881499861338,"NCFL"
-76.8298405057343,28.2882991971506,"NCFL"
-76.8487188142215,28.2884458711806,"NCFL"
-76.8675970273807,28.2885897528153,"NCFL"
-76.886475241439,28.2887312656362,"NCFL"
-76.9053537396829,28.2888699033242,"NCFL"
-76.924232145297,28.2890062558344,"NCFL"
-76.9431105491121,28.2891397332129,"NCFL"
-76.9619892398111,28.2892707572403,"NCFL"
-76.9808676436264,28.2893990734088,"NCFL"
-76.9997462398965,28.2895248525904,"NCFL"
-77.0186249296964,28.2896480093489,"NCFL"
-77.0375035259663,28.2897684591477,"NCFL"
-77.0563823119937,28.2898865410315,"NCFL"
-77.0752610026926,28.2900018314201,"NCFL"
-77.0941397896193,28.2901145830222,"NCFL"
-77.1130185756465,28.290224544028,"NCFL"
-77.1318974579009,28.2903321362197,"NCFL"
-77.1507764363831,28.2904369369156,"NCFL"
-77.1696555092938,28.2905392851603,"NCFL"
-77.1885342962206,28.2906389264461,"NCFL"
-77.20741346356,28.2907361143806,"NCFL"
-77.2262925382694,28.2908305108201,"NCFL"
-77.2451715149532,28.290922284836,"NCFL"
-77.2640507794195,28.2910114373287,"NCFL"
-77.2829297570022,28.2910981373696,"NCFL"
-77.3018089261408,28.2911822140883,"NCFL"
-77.3206881897077,28.2912635838478,"NCFL"
-77.3395673588462,28.2913422466477,"NCFL"
-77.3584466233125,28.2914184578963,"NCFL"
-77.3773259831073,28.2914921312574,"NCFL"
-77.3962052466745,28.2915630967601,"NCFL"
-77.4150846073684,28.2916314407389,"NCFL"
-77.433963967163,28.2916971622947,"NCFL"
-77.4528434222857,28.2917602623268,"NCFL"
-77.4717227820804,28.2918207399356,"NCFL"
-77.4906022381024,28.2918785951217,"NCFL"
-77.5094815969977,28.2919339969572,"NCFL"
-77.528361243676,28.2919866927322,"NCFL"
-77.5472406043699,28.2920367669838,"NCFL"
-77.5661202501491,28.292084217913,"NCFL"
-77.5849996099437,28.2921291318543,"NCFL"
-77.603879256622,28.2921712551996,"NCFL"
-77.6227588079723,28.2922110088314,"NCFL"
-77.6416381677666,28.2922479718671,"NCFL"
-77.6605178144452,28.2922823979147,"NCFL"
-77.6793975555523,28.2923141170037,"NCFL"
-77.6982770115745,28.2923433827413,"NCFL"
-77.7171567535809,28.2923699424195,"NCFL"
-77.7360364002591,28.2923939633114,"NCFL"
-77.7549159507101,28.2924151936069,"NCFL"
-77.7737955982878,28.2924340559873,"NCFL"
-77.7926751487388,28.2924501268724,"NCFL"
-77.8115549860731,28.2924636598706,"NCFL"
-77.8304345374236,28.2924746558812,"NCFL"
-77.849314184102,28.2924830303681,"NCFL"
-77.8681939261083,28.2924886969962,"NCFL"
-77.8870735727867,28.2924917421006,"NCFL"
-77.9059531232376,28.2924922493187,"NCFL"
-77.924832769916,28.2924902186492,"NCFL"
-77.9437123212661,28.2924853982831,"NCFL"
-77.9625921586006,28.2924780391305,"NCFL"
-77.9814717099511,28.2924681429911,"NCFL"
-78.0003515472856,28.2924556253274,"NCFL"
-78.0192310977365,28.2924403998051,"NCFL"
-78.038110745314,28.2924225527591,"NCFL"
-78.0569902957652,28.2924023368988,"NCFL"
-78.0758699424433,28.2923792459059,"NCFL"
-78.0947494928944,28.2923537015627,"NCFL"
-78.113629234901,28.2923254511594,"NCFL"
-78.1325086909229,28.2922945783326,"NCFL"
-78.1513882422731,28.29226116672,"NCFL"
-78.1702678880523,28.2922250499466,"NCFL"
-78.1891474394023,28.2921864798226,"NCFL"
-78.2080270860809,28.2921452027393,"NCFL"
-78.226906637431,28.2921013041324,"NCFL"
-78.2457860916543,28.2920546985659,"NCFL"
-78.2646654523483,28.2920057250847,"NCFL"
-78.2835450990264,28.2919540437446,"NCFL"
-78.3024244579217,28.2918996563445,"NCFL"
-78.3213039139442,28.2918428155938,"NCFL"
-78.3401832737384,28.2917831842473,"NCFL"
-78.3590626326338,28.2917210150133,"NCFL"
-78.377942088656,28.2916562242559,"NCFL"
-78.3968214493501,28.2915888947123,"NCFL"
-78.4157009035732,28.2915190281811,"NCFL"
-78.4345800727118,28.2914463701543,"NCFL"
-78.4534595278348,28.2913711751402,"NCFL"
-78.4723386969729,28.2912934422391,"NCFL"
-78.4912179614393,28.2912129178424,"NCFL"
-78.510096939022,28.2911299400951,"NCFL"
-78.5289761081602,28.2910443408241,"NCFL"
-78.5478553717275,28.2909560336945,"NCFL"
-78.5667345408661,28.290865275013,"NCFL"
-78.5856136137768,28.2907717239365,"NCFL"
-78.6044925913595,28.2906756358724,"NCFL"
-78.6233715689423,28.2905769253851,"NCFL"
-78.642250451197,28.2904756770115,"NCFL"
-78.6611294287798,28.2903717216781,"NCFL"
-78.6800083110342,28.2902651448211,"NCFL"
-78.6988870970616,28.2901560300774,"NCFL"
-78.7177660746443,28.2900442929103,"NCFL"
-78.7366447662424,28.2899300178563,"NCFL"
-78.7555235522698,28.2898130358433,"NCFL"
-78.7744021476406,28.2896934323064,"NCFL"
-78.793280839239,28.2895712899837,"NCFL"
-78.8121594337105,28.2894466106732,"NCFL"
-78.8310380290812,28.2893191398669,"NCFL"
-78.8499165291242,28.2891890457385,"NCFL"
-78.8687949338384,28.2890566691306,"NCFL"
-78.887673337654,28.2889213310551,"NCFL"
-78.9065518376967,28.2887835396292,"NCFL"
-78.9254300508558,28.2886430421435,"NCFL"
-78.944308454671,28.2885000058711,"NCFL"
-78.9631865734011,28.288354348075,"NCFL"
-78.982064785661,28.28820598332,"NCFL"
-79.0009428081635,28.2880552488514,"NCFL"
-79.0198210213226,28.2879017228867,"NCFL"
-79.0386989466987,28.2877456599348,"NCFL"
-79.0575769692015,28.2875870590963,"NCFL"
-79.0764548001486,28.2874256658623,"NCFL"
-79.0953326310957,28.2872616511049,"NCFL"
-79.1142103667148,28.2870951820975,"NCFL"
-79.1330881967625,28.2869260906672,"NCFL"
-79.1519658370534,28.2867543777128,"NCFL"
-79.1708434773443,28.2865799569002,"NCFL"
-79.1717641798726,28.2865713261065,"NCFL"
-79.1815854151344,28.2608414309879,"NCFL"
-79.1899844310363,28.2380717227325,"NCFL"
-79.2116288041255,28.1842736061428,"NCFL"
-79.22181323779,28.1582077557837,"NCFL"
-79.2549505815038,28.0804727880893,"NCFL"
-79.289767771565,28.0055009253281,"NCFL"
-76.5788887734977,35,"NNC"
-77.0824998616789,35.1285090449572,"NNC"
-76.6259411572583,35.3141217228398,"NNC"
-76.4554183478782,35.4134972091294,"NNC"
-76.1227318052279,35.777762174685,"NNC"
-75.6880215408608,36.0152721404972,"NNC"
-76.07441914123,36.1817730665743,"NNC"
-76.6911673547893,36.2928594355154,"NNC"
-75.9386531117514,36.7113496065997,"NNC"
-76.4916696544306,36.8741147515955,"NNC"
-76.4547146562557,37.0164184566469,"NNC"
-71.2340942634392,37,"NNC"
-71.2366502832836,36.9895319002778,"NNC"
-71.2378056899802,36.9871116870556,"NNC"
-71.2452969643828,36.97155345343,"NNC"
-71.2528816954335,36.9560247580367,"NNC"
-71.2605597869043,36.9405263122403,"NNC"
-71.2683310499375,36.9250582896093,"NNC"
-71.2761952920786,36.9096209428527,"NNC"
-71.2780340441356,36.9060420808779,"NNC"
-71.2853592362395,36.891866012607,"NNC"
-71.2934080984048,36.876491216397,"NNC"
-71.301549270582,36.8611483101469,"NNC"
-71.309782372358,36.8458377785913,"NNC"
-71.3105606060867,36.844400885893,"NNC"
-71.3134769797784,36.8390000604052,"NNC"
-71.3218009571479,36.8237219314226,"NNC"
-71.3284235017427,36.8117079439671,"NNC"
-71.3313981667915,36.8063410588933,"NNC"
-71.3399043755858,36.7911291371008,"NNC"
-71.3485015579999,36.7759509902468,"NNC"
-71.357189329124,36.760806871041,"NNC"
-71.365967690756,36.7456972642181,"NNC"
-71.3748360700282,36.7306221922611,"NNC"
-71.3837941791575,36.715582370131,"NNC"
-71.3928422088005,36.7005779749944,"NNC"
-71.4019793963317,36.6856093378013,"NNC"
-71.4112057399527,36.6706768659455,"NNC"
-71.4205210499063,36.6557809704162,"NNC"
-71.4299202603115,36.6409289869836,"NNC"
-71.4380564637344,36.6280804007907,"NNC"
-71.4384305781084,36.6274927226117,"NNC"
-71.4432986551082,36.6198196961228,"NNC"
-71.4527875000428,36.6049976250409,"NNC"
-71.4623644506582,36.5902129828434,"NNC"
-71.472151345308,36.5752812763105,"NNC"
-71.4728808447747,36.5741736263125,"NNC"
-71.4826327647899,36.5594653608383,"NNC"
-71.4924719298352,36.5447955998377,"NNC"
-71.5005496512449,36.5328764809655,"NNC"
-71.4991757956262,36.5281525050349,"NNC"
-71.4954800406711,36.5152837389539,"NNC"
-71.4931712327656,36.5071788751054,"NNC"
-71.4911724193712,36.5000841405711,"NNC"
-71.4866852421297,36.4840480620692,"NNC"
-71.4822343777137,36.4677600277035,"NNC"
-71.4778863345862,36.4514537973555,"NNC"
-71.4736407323335,36.4351301309512,"NNC"
-71.4706908166276,36.4235388788168,"NNC"
-71.4683525766097,36.4142644808218,"NNC"
-71.4643123309488,36.3979070457739,"NNC"
-71.4603750019044,36.3815333887553,"NNC"
-71.4593650362671,36.3772610451619,"NNC"
-71.4557884432815,36.3619608818896,"NNC"
-71.4520566623847,36.345555780076,"NNC"
-71.4484277027759,36.3291358250592,"NNC"
-71.4449014700264,36.3127010869862,"NNC"
-71.4414779641362,36.2962523329797,"NNC"
-71.4381576608468,36.2797897132253,"NNC"
-71.4354949966963,36.2661944649034,"NNC"
-71.4344297020688,36.2606802888649,"NNC"
-71.4313151393819,36.2441914448801,"NNC"
-71.4283035877401,36.2276900337689,"NNC"
-71.4253947638571,36.2111765141854,"NNC"
-71.4225912460888,36.1946647437833,"NNC"
-71.4209782049799,36.1850898589105,"NNC"
-71.4196339730291,36.1769449833247,"NNC"
-71.4174784419763,36.1654728760733,"NNC"
-71.4144672743447,36.1489715360079,"NNC"
-71.41155902333,36.1324581657122,"NNC"
-71.4087534982751,36.1159331500957,"NNC"
-71.4060509860638,36.099396792229,"NNC"
-71.4034512960402,36.082849476123,"NNC"
-71.4009545226326,36.0662919742957,"NNC"
-71.3985603807566,36.0497242822504,"NNC"
-71.3962693470523,36.033147095163,"NNC"
-71.3940808486519,36.0165607979432,"NNC"
-71.3919953630951,35.9999655443751,"NNC"
-71.3900126988267,35.9833621060773,"NNC"
-71.3881329520738,35.9667507150741,"NNC"
-71.3863558359527,35.9501319127581,"NNC"
-71.3846814466911,35.9335059311546,"NNC"
-71.3831099749449,35.9168733889966,"NNC"
-71.3816411329317,35.9002345201077,"NNC"
-71.3802749215502,35.8835899432222,"NNC"
-71.3790114370277,35.8669398930622,"NNC"
-71.3780410325671,35.8531218628842,"NNC"
-71.3773387672701,35.8428743291874,"NNC"
-71.376280257128,35.8262147156374,"NNC"
-71.3753243776176,35.8095509508161,"NNC"
-71.3744710343105,35.7928835023726,"NNC"
-71.3737202236092,35.7762126823701,"NNC"
-71.3730716631263,35.7595389566583,"NNC"
-71.3725254472911,35.74286279828,"NNC"
-71.3720816687337,35.7261845930452,"NNC"
-71.3717402357231,35.7095045801728,"NNC"
-71.3715008595768,35.6928235402748,"NNC"
-71.3713636374215,35.6761414742502,"NNC"
-71.3713285665597,35.6594593200924,"NNC"
-71.3713955543611,35.6427768493725,"NNC"
-71.3715643112437,35.6260950747284,"NNC"
-71.3718353183446,35.6094140042536,"NNC"
-71.372207902972,35.5927343403181,"NNC"
-71.3726822593785,35.5760561647608,"NNC"
-71.372713411894,35.5750693656595,"NNC"
-71.372836874422,35.5710465488599,"NNC"
-71.3731369296253,35.5619948355937,"NNC"
-71.3737064639817,35.5455038898933,"NNC"
-71.3740690157721,35.5362684460326,"NNC"
-71.3744621472101,35.5268903031458,"NNC"
-71.3752405715945,35.5102195550891,"NNC"
-71.376120578002,35.4935522694221,"NNC"
-71.3771018759504,35.4768888418475,"NNC"
-71.3781841803552,35.4602294351409,"NNC"
-71.3793679687563,35.4435745232465,"NNC"
-71.3806527627145,35.426924659246,"NNC"
-71.3820383733719,35.410280240641,"NNC"
-71.3835249877877,35.3936416640323,"NNC"
-71.3851122282463,35.3770093287181,"NNC"
-71.3868003780346,35.3603834748183,"NNC"
-71.3885889614111,35.3437646581129,"NNC"
-71.390477976577,35.3271535117258,"NNC"
-71.3924674262303,35.3105499664082,"NNC"
-71.3945572123453,35.2939548108665,"NNC"
-71.3967469518099,35.277368212374,"NNC"
-71.3990368388787,35.2607908822941,"NNC"
-71.4014265857679,35.2442229078613,"NNC"
-71.4039160009224,35.2276647693145,"NNC"
-71.4065052749981,35.2111171015736,"NNC"
-71.4091940257833,35.1945799927734,"NNC"
-71.4119820644203,35.1780540814312,"NNC"
-71.4148695779683,35.1615397668475,"NNC"
-71.4178562840396,35.1450372972339,"NNC"
-71.4209417968261,35.1285470718906,"NNC"
-71.424126214353,35.1120696537919,"NNC"
-71.4274095357212,35.0956054440367,"NNC"
-71.4299215976033,35.0833391149088,"NNC"
-71.4303785620206,35.0810038480498,"NNC"
-71.4336595901176,35.0645393586051,"NNC"
-71.4370393313997,35.0480883356091,"NNC"
-71.440517401856,35.0316514175794,"NNC"
-71.4440937079579,35.015228775388,"NNC"
-71.4444826341656,35.0134709632151,"NNC"
-71.4452869563276,35.0087450663324,"NNC"
-71.4457231850765,35.0062023555552,"NNC"
-71.4457897888672,35.0058123717444,"NNC"
-76.4547146562557,37.0164184566469,"VBM"
-76.5723636146888,37.3172192573634,"VBM"
-75.6246926781243,37.5704045296459,"VBM"
-73.5996509788093,40.5992723701246,"VBM"
-73.3168739076044,40.6813968423911,"VBM"
-72.8981013296124,40.7400680784796,"VBM"
-73.4131629467122,40.9043687583122,"VBM"
-72.4560903311036,41.0016082522197,"VBM"
-73.4687786102444,41.0601580141815,"VBM"
-72.2026040557323,41.290393352272,"VBM"
-70.9247207643514,41.4209957119832,"VBM"
-70.4269443750825,41.6086111072175,"VBM"
-70.6171724798255,41.711581945451,"VBM"
-71.2643853428091,41.7238210440068,"VBM"
-70.6198072434091,42.0263507364979,"VBM"
-70.6217806338687,42.6647046801776,"VBM"
-70.6237720251585,43.140046835294,"VBM"
-69.8001799586379,43.86977148067,"VBM"
-69.7925417422073,43.8746651406845,"VBM"
-69.4582964181448,43.9390295745561,"VBM"
-69.3869906659859,44.0414329765511,"VBM"
-68.9183331725377,44.0652778144203,"VBM"
-68.6015253063474,44.1385761503696,"VBM"
-68.7835222482527,44.2307672505089,"VBM"
-68.7153352496217,44.4095345731625,"VBM"
-67.9805245396752,44.4940334561799,"VBM"
-67.7967417240509,44.4941703078143,"VBM"
-68.2644443515253,44.5477776530169,"VBM"
-67.3246984485742,44.7032560114565,"VBM"
-67.115525365003,44.84764134847,"VBM"
-67.022045606519,44.6493912838811,"VBM"
-67.0254896924947,44.6451431293525,"VBM"
-67.0295877862212,44.6392812902278,"VBM"
-67.0337057710041,44.6333909992957,"VBM"
-67.0378381890808,44.6275365665599,"VBM"
-67.0398792580209,44.6225946857968,"VBM"
-67.0575485997876,44.5856341477983,"VBM"
-67.0634673556336,44.5734666451702,"VBM"
-67.0685197010229,44.5544038380673,"VBM"
-67.0784922283333,44.522909142943,"VBM"
-67.085176680459,44.51449381244,"VBM"
-67.0867233695874,44.5117130601103,"VBM"
-67.1072403552578,44.4741005487019,"VBM"
-67.113571513666,44.4595226069952,"VBM"
-67.12941634189,44.4230387651276,"VBM"
-67.1434767726345,44.3908533520013,"VBM"
-67.1600020399611,44.3615319568424,"VBM"
-67.2794444444441,44.1866666666673,"VBM"
-67.3863956436059,43.886895720184,"VBM"
-67.7302145340691,42.9232140128228,"VBM"
-67.7430555555552,42.8872222222228,"VBM"
-67.4680555555552,42.5188888888895,"VBM"
-65.6997222222219,40.4513888888893,"VBM"
-65.6997185793315,40.4513853244502,"VBM"
-65.7020816519997,40.4448720770006,"VBM"
-65.7080117559995,40.4288309280004,"VBM"
-65.7140436649996,40.4128122560007,"VBM"
-65.7201771869996,40.3968163760005,"VBM"
-65.7264123219998,40.3808437510007,"VBM"
-65.7327484879993,40.3648946980004,"VBM"
-65.7391856859997,40.3489696800007,"VBM"
-65.7457237229997,40.3330691630003,"VBM"
-65.7523622099995,40.3171931660004,"VBM"
-65.7591011489997,40.3013424500004,"VBM"
-65.7659401519995,40.2855171860004,"VBM"
-65.7728788319995,40.2697176910007,"VBM"
-65.7732990239994,40.2687691280006,"VBM"
-65.7802377029998,40.2532210530005,"VBM"
-65.7816709229997,40.2500394650003,"VBM"
-65.7884812809996,40.2350195760006,"VBM"
-65.7957178299997,40.2193000340004,"VBM"
-65.8030532829997,40.2036078320006,"VBM"
-65.8104872509996,40.1879434370004,"VBM"
-65.8105669919997,40.1877767400006,"VBM"
-65.8119102129995,40.1849636130006,"VBM"
-65.8194423089998,40.1693272470005,"VBM"
-65.8270725339997,40.1537193280006,"VBM"
-65.8348006949996,40.1381404740006,"VBM"
-65.8426265969996,40.1225907080004,"VBM"
-65.8505498529997,40.1070704980006,"VBM"
-65.8585702699997,40.0915803130005,"VBM"
-65.8652170799996,40.0789051390007,"VBM"
-65.8670120399998,40.0755049160004,"VBM"
-65.8752260049995,40.0600757530005,"VBM"
-65.8790362550642,40.0530157742714,"VBM"
-65.8835363563173,40.0446775784083,"VBM"
-65.8864147957059,40.0393927303909,"VBM"
-65.8877278220808,40.036973160184,"VBM"
-65.8961332051829,40.0216063319675,"VBM"
-65.9046342006077,40.0062712893891,"VBM"
-65.9132310026083,39.990968503694,"VBM"
-65.9219232235777,39.975698147552,"VBM"
-65.9307102825532,39.9604606940066,"VBM"
-65.9395923737883,39.9452564650147,"VBM"
-65.9485689163222,39.9300857816343,"VBM"
-65.9576397150005,39.9149489703193,"VBM"
-65.9668045791676,39.8998464996168,"VBM"
-65.9760631203164,39.8847786968801,"VBM"
-65.9854151441932,39.869745883167,"VBM"
-65.9948602649889,39.8547483840312,"VBM"
-66.0043982893493,39.8397866734172,"VBM"
-66.0140290212221,39.8248609248924,"VBM"
-66.0237518832424,39.8099716133002,"VBM"
-66.0335668727127,39.7951189140073,"VBM"
-66.0434736047228,39.7803034511441,"VBM"
-66.0534718841197,39.7655254000776,"VBM"
-66.0635613250948,39.750785235651,"VBM"
-66.0737415391404,39.7360829848424,"VBM"
-66.0840125271561,39.7214194228688,"VBM"
-66.0943737081796,39.7067945758096,"VBM"
-66.1048248888571,39.6922087692198,"VBM"
-66.1153656833791,39.6776626299271,"VBM"
-66.1259960890478,39.6631561849105,"VBM"
-66.1367153333456,39.6486900591995,"VBM"
-66.1475236087273,39.6342642815719,"VBM"
-66.1584201426751,39.6198793286686,"VBM"
-66.1694051276442,39.6055356780295,"VBM"
-66.1804777902175,39.5912335059222,"VBM"
-66.1916381285965,39.5769731405986,"VBM"
-66.2028857578711,39.5627549112106,"VBM"
-66.2142200970794,39.5485791433133,"VBM"
-66.2256413377769,39.5344461660585,"VBM"
-66.2371489008008,39.5203564569854,"VBM"
-66.248742400341,39.5063101959593,"VBM"
-66.2604214460926,39.4923077103335,"VBM"
-66.2721860407528,39.4783493292587,"VBM"
-66.28403560336,39.4644353809887,"VBM"
-66.2959699387613,39.4505661946746,"VBM"
-66.3079886611473,39.4367421003681,"VBM"
-66.3200915771642,39.4229634263219,"VBM"
-66.3322781049501,39.4092305007875,"VBM"
-66.3445480529497,39.3955435054293,"VBM"
-66.356901225111,39.3819029177862,"VBM"
-66.3693370431695,39.3683089186226,"VBM"
-66.3818553119728,39.3547619881758,"VBM"
-66.3944558381661,39.3412623054118,"VBM"
-66.4071380416869,39.3278102003812,"VBM"
-66.419901729181,39.3144060031353,"VBM"
-66.4327463187872,39.3010500446244,"VBM"
-66.4456718123036,39.2877426549005,"VBM"
-66.4586778203246,39.274484013827,"VBM"
-66.4717637636863,39.2612744532542,"VBM"
-66.4849294490344,39.2481143014343,"VBM"
-66.4981746830149,39.2350040404048,"VBM"
-66.5114988837661,39.2219436998424,"VBM"
-66.5249016645801,39.2089336115974,"VBM"
-66.5383830263552,39.1959742568069,"VBM"
-66.5519421938768,39.1830656660481,"VBM"
-66.5655791671442,39.1702084697457,"VBM"
-66.5792933660954,39.1574027002754,"VBM"
-66.593084597376,39.1446486858889,"VBM"
-66.6069524733774,39.1319467602356,"VBM"
-66.6208964131386,39.119297255165,"VBM"
-66.6349164175584,39.1067004998291,"VBM"
-66.6490119047753,39.0941565257037,"VBM"
-66.6631824898799,39.0816658148262,"VBM"
-66.6774279768193,39.0692286999453,"VBM"
-66.6917479797852,39.0568453600259,"VBM"
-66.7061421120684,39.0445161287168,"VBM"
-66.7206099851624,39.0322411849835,"VBM"
-66.735151019004,39.0200208615738,"VBM"
-66.7497652135934,39.0078554912385,"VBM"
-66.7644521840204,38.9957454040278,"VBM"
-66.7792111523724,38.9836906323175,"VBM"
-66.7940423138014,38.9716916563458,"VBM"
-66.80894489579,38.9597488088611,"VBM"
-66.8239185089318,38.9478621222395,"VBM"
-66.838963154126,38.9360319247343,"VBM"
-66.854078057056,38.9242587019781,"VBM"
-66.8692630243686,38.9125424836493,"VBM"
-66.8845178609102,38.900883600698,"VBM"
-66.8998417950625,38.8892823867735,"VBM"
-66.9152346316724,38.8777390208398,"VBM"
-66.9306961791848,38.8662536845608,"VBM"
-66.9462258539397,38.8548268626701,"VBM"
-66.9618232710265,38.8434585839471,"VBM"
-66.977488041939,38.8321493313271,"VBM"
-66.9926476546652,38.8213065813345,"VBM"
-66.993465587167,38.8207242532225,"VBM"
-67.0092640989586,38.8095335672211,"VBM"
-67.0251288053494,38.7984024496141,"VBM"
-67.0410593169336,38.7873313851358,"VBM"
-67.0570554421545,38.7763202496806,"VBM"
-67.0731167934049,38.7653696799674,"VBM"
-67.0892425936701,38.7544798549619,"VBM"
-67.1054328474475,38.7436508061405,"VBM"
-67.12168716533,38.7328828617555,"VBM"
-67.1380049645572,38.7221763572539,"VBM"
-67.1543858629167,38.7115314716007,"VBM"
-67.1708294692041,38.7009485357469,"VBM"
-67.1873355918638,38.6904275811688,"VBM"
-67.2039034556796,38.6799689361183,"VBM"
-67.22025551458,38.6697456085736,"VBM"
-67.2211752530351,38.669173262037,"VBM"
-67.2378660200005,38.6588401767333,"VBM"
-67.2546175613511,38.6485699441481,"VBM"
-67.2714294885795,38.638363046318,"VBM"
-67.2883012234223,38.6282196631079,"VBM"
-67.305232763181,38.6181399752802,"VBM"
-67.3222235286927,38.608124160902,"VBM"
-67.3392729389946,38.5981725527216,"VBM"
-67.356380800733,38.5882853297048,"VBM"
-67.3735465338451,38.5784628237012,"VBM"
-67.3907701374317,38.5687050616901,"VBM"
-67.4080506438219,38.5590123764205,"VBM"
-67.4253880530159,38.5493849441604,"VBM"
-67.4427817849511,38.5398229456733,"VBM"
-67.4602316453738,38.5303267119086,"VBM"
-67.4644035625741,38.5280705134441,"VBM"
-67.4808189121626,38.5192299061359,"VBM"
-67.4983789008651,38.5098656721638,"VBM"
-67.4988956728967,38.5095914778652,"VBM"
-67.4998386363436,38.5090909916565,"VBM"
-67.5174532058002,38.4997931105644,"VBM"
-67.5351219684038,38.4905617127536,"VBM"
-67.552844925053,38.4813969753907,"VBM"
-67.5706211062787,38.4722992276281,"VBM"
-67.5884505138796,38.4632686502286,"VBM"
-67.6063325659947,38.4543052683739,"VBM"
-67.6242670692694,38.4454095632016,"VBM"
-67.6422532502869,38.4365815607907,"VBM"
-67.6602909138942,38.427821440108,"VBM"
-67.6783794818271,38.4191295312036,"VBM"
-67.6965187589332,38.4105060103449,"VBM"
-67.7147083576044,38.4019509018133,"VBM"
-67.7329475053227,38.3934643863732,"VBM"
-67.7512362011894,38.3850469415636,"VBM"
-67.7695736708879,38.3766984441784,"VBM"
-67.787959721064,38.3684193717572,"VBM"
-67.8063937698561,38.3602095992941,"VBM"
-67.8248756266086,38.3520694541424,"VBM"
-67.8434047076607,38.3439992645549,"VBM"
-67.8619806281033,38.3359989046264,"VBM"
-67.8806030003279,38.3280687008104,"VBM"
-67.8992712415742,38.3202089831586,"VBM"
-67.9179849678314,38.3124196212691,"VBM"
-67.9367439848465,38.3047010962791,"VBM"
-67.9555477098587,38.2970532777874,"VBM"
-67.9743957579575,38.2894764958443,"VBM"
-67.9932875481813,38.2819710778037,"VBM"
-68.0000317125931,38.2793129723163,"VBM"
-68.0168084151759,38.2727305230958,"VBM"
-68.0357861401179,38.2653678670339,"VBM"
-68.0413630186878,38.2632209712717,"VBM"
-68.0553853460566,38.2578544423295,"VBM"
-68.0744476513376,38.2506352614087,"VBM"
-68.0935517616041,38.2434881656472,"VBM"
-68.1000770247345,38.2410669227008,"VBM"
-68.1134674191856,38.2361278649094,"VBM"
-68.1326537877417,38.2291251346181,"VBM"
-68.1518802210947,38.2221950146885,"VBM"
-68.1711469125999,38.2153373729219,"VBM"
-68.1753772821355,38.2138433283075,"VBM"
-68.178483912802,38.2127432362118,"VBM"
-68.197789508079,38.2059584602153,"VBM"
-68.21713400533,38.1992465131169,"VBM"
-68.2365172120994,38.1926077186719,"VBM"
-68.2559387416791,38.1860421002635,"VBM"
-68.2753980131074,38.1795498278629,"VBM"
-68.2948948321306,38.1731310759392,"VBM"
-68.3144284262306,38.1667860171618,"VBM"
-68.3339986002549,38.1605146704162,"VBM"
-68.3536049665955,38.1543173612577,"VBM"
-68.3732467536345,38.148193954788,"VBM"
-68.3929239595727,38.1421449303452,"VBM"
-68.4126358100942,38.1361701530309,"VBM"
-68.4323819193895,38.1302697937165,"VBM"
-68.4521620923064,38.124444024173,"VBM"
-68.4719755554272,38.1186930161704,"VBM"
-68.4918221153981,38.1130167858968,"VBM"
-68.5117011912567,38.1074156589059,"VBM"
-68.5250234557674,38.1037090149597,"VBM"
-68.5323801987865,38.1016769095623,"VBM"
-68.5523231462958,38.0962260233131,"VBM"
-68.5722972526157,38.0908504435936,"VBM"
-68.5923021346355,38.0855503430744,"VBM"
-68.6123374038476,38.0803258881301,"VBM"
-68.6324026717456,38.0751769429622,"VBM"
-68.6524973600647,38.0701038313276,"VBM"
-68.6726210802981,38.0651067213989,"VBM"
-68.6927734448384,38.0601856275653,"VBM"
-68.7129538754206,38.0553405678135,"VBM"
-68.7331619808404,38.050571862302,"VBM"
-68.744375158886,38.047961405595,"VBM"
-68.754070924333,38.0457232520271,"VBM"
-68.7743330304444,38.0411072900699,"VBM"
-68.7946216530664,38.0365678802043,"VBM"
-68.8149362112368,38.0321050359192,"VBM"
-68.8352761230943,38.0277189271872,"VBM"
-68.8556410028298,38.0234095648005,"VBM"
-68.8760306579883,38.019177270715,"VBM"
-68.8964443115555,38.0150219064363,"VBM"
-68.9168817719759,38.0109437876264,"VBM"
-68.9373424591867,38.0069427766884,"VBM"
-68.9403376071946,38.0063639010737,"VBM"
-68.9547899966606,38.0035461794135,"VBM"
-68.9752725535852,37.999622412145,"VBM"
-68.9957773687303,37.9957760881965,"VBM"
-69.0163040553876,37.9920070663736,"VBM"
-69.0290431608127,37.9897089801858,"VBM"
-69.0382436381329,37.988066285731,"VBM"
-69.0588127107378,37.9844525039807,"VBM"
-69.079402299576,37.9809165198822,"VBM"
-69.1000120179399,37.977458191343,"VBM"
-69.120641477322,37.9740778349246,"VBM"
-69.1412900976596,37.9707753094337,"VBM"
-69.1619574931435,37.9675507794454,"VBM"
-69.1826430819123,37.9644044059391,"VBM"
-69.2033464772578,37.9613360486204,"VBM"
-69.2240674849262,37.9583460231514,"VBM"
-69.2448053306011,37.9554341838414,"VBM"
-69.2655596293731,37.9526008499498,"VBM"
-69.2863299909361,37.949845722003,"VBM"
-69.3071160312796,37.9471691156631,"VBM"
-69.3279169742886,37.9445710399224,"VBM"
-69.3487328199631,37.9420515028754,"VBM"
-69.3695627948868,37.9396105144145,"VBM"
-69.3904067048052,37.9372483857052,"VBM"
-69.4104098448379,37.9350567963349,"VBM"
-69.4120964190142,37.9348751440732,"VBM"
-69.4329662635817,37.9326704515806,"VBM"
-69.4393893331508,37.9320080514311,"VBM"
-69.4553519748135,37.9303901162118,"VBM"
-69.4762462071964,37.928343195383,"VBM"
-69.497152053424,37.9263751720771,"VBM"
-69.5180689307362,37.9244860516906,"VBM"
-69.5389964542228,37.922675843216,"VBM"
-69.5599342353762,37.920944856021,"VBM"
-69.5808814998811,37.9192927906303,"VBM"
-69.6018380552817,37.9177199591092,"VBM"
-69.6228035130714,37.9162262130698,"VBM"
-69.6437772940862,37.9148117107924,"VBM"
-69.6647588173649,37.9134764567738,"VBM"
-69.6857478877545,37.9122203026256,"VBM"
-69.7067439269904,37.9110435577147,"VBM"
-69.722199279073,37.9102282287505,"VBM"
-69.729001701567,37.9098815158201,"VBM"
-69.7500101280645,37.9088632953057,"VBM"
-69.7710243596862,37.9079244948201,"VBM"
-69.7920436239138,37.9070651188605,"VBM"
-69.8130677282927,37.9062850172403,"VBM"
-69.8340958949092,37.9055843437429,"VBM"
-69.8551281282603,37.9049631019661,"VBM"
-69.8630784795875,37.9047488636699,"VBM"
-69.8768919699881,37.9044021246592,"VBM"
-69.8900764286839,37.9041030775953,"VBM"
-69.9020872163516,37.9038488113742,"VBM"
-69.9231277711294,37.9034658746512,"VBM"
-69.9441704546024,37.9031623768428,"VBM"
-69.9652146867081,37.9029383179498,"VBM"
-69.9862598873835,37.9027938526548,"VBM"
-70.0073056672224,37.9027288280739,"VBM"
-70.0283514479606,37.9027432442058,"VBM"
-70.0493972277995,37.9028371001526,"VBM"
-70.0704420408671,37.903010550597,"VBM"
-70.0914856920107,37.9032632870718,"VBM"
-70.1125276020668,37.9035956162454,"VBM"
-70.1335673834278,37.9040073834346,"VBM"
-70.1546046466868,37.9044985859416,"VBM"
-70.1699856778965,37.9049080481685,"VBM"
-70.1781437069662,37.9051388483796,"VBM"
-70.1823665275926,37.9052630663381,"VBM"
-70.199294970986,37.9055366508965,"VBM"
-70.2203355257636,37.9059484063944,"VBM"
-70.2370471956712,37.9063320958502,"VBM"
-70.242573752676,37.9064688872299,"VBM"
-70.2636085014308,37.9070395097663,"VBM"
-70.2846397662116,37.9076895631236,"VBM"
-70.3056669660572,37.9084190464027,"VBM"
-70.3227696018353,37.9090710809663,"VBM"
-70.3305943421548,37.9093814549906,"VBM"
-70.3516122520035,37.9102696317389,"VBM"
-70.3726251292459,37.9112372303147,"VBM"
-70.3902946670651,37.9121178671463,"VBM"
-70.3963814981072,37.9098097661085,"VBM"
-70.4042643742012,37.9068342053351,"VBM"
-70.4166454172521,37.9021872842166,"VBM"
-70.4356999371021,37.8951080980611,"VBM"
-70.4358820731985,37.8950409285965,"VBM"
-70.4504505624431,37.8895680898958,"VBM"
-70.4695016423863,37.8824888920491,"VBM"
-70.4885936207987,37.8754818746897,"VBM"
-70.5077255452971,37.8685475162555,"VBM"
-70.5268976020422,37.8616856818496,"VBM"
-70.5308792712613,37.8602716750984,"VBM"
-70.5315110126228,37.8600439352801,"VBM"
-70.5506807778952,37.8531821368469,"VBM"
-70.5547909728248,37.8517221999203,"VBM"
-70.5577600962512,37.8506377596254,"VBM"
-70.5768855213495,37.843703089127,"VBM"
-70.587089723012,37.8400386989277,"VBM"
-70.5909247083083,37.8352211737187,"VBM"
-70.6022066269339,37.8211491929816,"VBM"
-70.6135726393654,37.8071209067052,"VBM"
-70.6250225513492,37.793136570297,"VBM"
-70.6365560778004,37.7791968150817,"VBM"
-70.6481725514218,37.7653015178516,"VBM"
-70.6486166150643,37.7647732246053,"VBM"
-70.6515629937365,37.7609030083676,"VBM"
-70.6624827436833,37.746657400919,"VBM"
-70.6734876369445,37.7324543358995,"VBM"
-70.6845775781924,37.7182938411884,"VBM"
-70.6957519927599,37.7041765499087,"VBM"
-70.707010883345,37.6901024125971,"VBM"
-70.7183536743821,37.6760722944015,"VBM"
-70.7297801743152,37.6620859138342,"VBM"
-70.7412900980592,37.6481441369428,"VBM"
-70.7528829671747,37.6342468369225,"VBM"
-70.7645587816621,37.6203948015794,"VBM"
-70.7763169686528,37.6065878312639,"VBM"
-70.7881572421627,37.5928265599981,"VBM"
-70.8000793126097,37.5791113187333,"VBM"
-70.8120829911367,37.565442289131,"VBM"
-70.8172266608813,37.5596273069554,"VBM"
-70.8258217397811,37.5499523805985,"VBM"
-70.8379870093923,37.5363768049462,"VBM"
-70.8502329311045,37.5228486640353,"VBM"
-70.862558834922,37.509367911101,"VBM"
-70.8749648179717,37.4959350290792,"VBM"
-70.8874502111582,37.4825502751756,"VBM"
-70.9000149191526,37.469213981241,"VBM"
-70.9126584617184,37.4559264026821,"VBM"
-70.925380650896,37.4426879513883,"VBM"
-70.9381809120191,37.4294988800699,"VBM"
-70.9510592450878,37.4163595997162,"VBM"
-70.9640150763344,37.4032702146494,"VBM"
-70.9770482151027,37.3902310567187,"VBM"
-70.9901581829533,37.3772425360146,"VBM"
-71.0033446948016,37.3643049079456,"VBM"
-71.0166073666364,37.3514185079586,"VBM"
-71.0299461040291,37.3385836670033,"VBM"
-71.0433603341119,37.325800339215,"VBM"
-71.056849576646,37.3130693132991,"VBM"
-71.0704138343306,37.3003904660479,"VBM"
-71.0840525315987,37.2877644350815,"VBM"
-71.0872878822294,37.2847868175583,"VBM"
-71.0929435575985,37.2720070151125,"VBM"
-71.0999884750876,37.2563082920948,"VBM"
-71.107128185617,37.2406374390673,"VBM"
-71.114362884339,37.2249947069406,"VBM"
-71.1216918976627,37.2093807270396,"VBM"
-71.1291154207395,37.193795520048,"VBM"
-71.1366327817771,37.17823971729,"VBM"
-71.1442442703564,37.1627135687768,"VBM"
-71.1519492146841,37.1472175556463,"VBM"
-71.1597476156596,37.1317519288091,"VBM"
-71.16763909197,37.1163170138196,"VBM"
-71.1756235482874,37.1009133700568,"VBM"
-71.1837005052738,37.0855411701896,"VBM"
-71.1918699629281,37.0702010491399,"VBM"
-71.2001315399383,37.0548929529479,"VBM"
-71.2084850456479,37.0396175929784,"VBM"
-71.2169300969458,37.0243752201411,"VBM"
-71.2254666938323,37.009166011603,"VBM"
-71.2340942634392,37,"VBM"
-67.022045606519,44.6493912838811,"NED"
-67.0254896924947,44.6451431293525,"NED"
-67.0295877862212,44.6392812902278,"NED"
-67.0337057710041,44.6333909992957,"NED"
-67.0378381890808,44.6275365665599,"NED"
-67.0398792580209,44.6225946857968,"NED"
-67.0575485997876,44.5856341477983,"NED"
-67.0634673556336,44.5734666451702,"NED"
-67.0685197010229,44.5544038380673,"NED"
-67.0784922283333,44.522909142943,"NED"
-67.085176680459,44.51449381244,"NED"
-67.0867233695874,44.5117130601103,"NED"
-67.1072403552578,44.4741005487019,"NED"
-67.113571513666,44.4595226069952,"NED"
-67.12941634189,44.4230387651276,"NED"
-67.1434767726345,44.3908533520013,"NED"
-67.1600020399611,44.3615319568424,"NED"
-67.2794444444441,44.1866666666673,"NED"
-67.3863956436059,43.886895720184,"NED"
-67.7302145340691,42.9232140128228,"NED"
-67.7430555555552,42.8872222222228,"NED"
-67.4680555555552,42.5188888888895,"NED"
-65.6997222222219,40.4513888888893,"NED"
-65.6997185793315,40.4513853244502,"NED"
-65.7020816519997,40.4448720770006,"NED"
-65.7080117559995,40.4288309280004,"NED"
-65.7140436649996,40.4128122560007,"NED"
-65.7201771869996,40.3968163760005,"NED"
-65.7264123219998,40.3808437510007,"NED"
-65.7327484879993,40.3648946980004,"NED"
-65.7391856859997,40.3489696800007,"NED"
-65.7457237229997,40.3330691630003,"NED"
-65.7523622099995,40.3171931660004,"NED"
-65.7591011489997,40.3013424500004,"NED"
-65.7659401519995,40.2855171860004,"NED"
-65.7728788319995,40.2697176910007,"NED"
-65.7732990239994,40.2687691280006,"NED"
-65.7802377029998,40.2532210530005,"NED"
-65.7816709229997,40.2500394650003,"NED"
-65.7884812809996,40.2350195760006,"NED"
-65.7957178299997,40.2193000340004,"NED"
-65.8030532829997,40.2036078320006,"NED"
-65.8104872509996,40.1879434370004,"NED"
-65.8105669919997,40.1877767400006,"NED"
-65.8119102129995,40.1849636130006,"NED"
-65.8194423089998,40.1693272470005,"NED"
-65.8270725339997,40.1537193280006,"NED"
-65.8348006949996,40.1381404740006,"NED"
-65.8426265969996,40.1225907080004,"NED"
-65.8505498529997,40.1070704980006,"NED"
-65.8585702699997,40.0915803130005,"NED"
-65.8652170799996,40.0789051390007,"NED"
-65.8670120399998,40.0755049160004,"NED"
-65.8752260049995,40.0600757530005,"NED"
-65.8790362550642,40.0530157742714,"NED"
-65.8835363563173,40.0446775784083,"NED"
-65.8864147957059,40.0393927303909,"NED"
-65.8877278220808,40.036973160184,"NED"
-65.8961332051829,40.0216063319675,"NED"
-65.9046342006077,40.0062712893891,"NED"
-65.9132310026083,39.990968503694,"NED"
-65.9219232235777,39.975698147552,"NED"
-65.9307102825532,39.9604606940066,"NED"
-65.9395923737883,39.9452564650147,"NED"
-65.9485689163222,39.9300857816343,"NED"
-65.9576397150005,39.9149489703193,"NED"
-65.9668045791676,39.8998464996168,"NED"
-65.9760631203164,39.8847786968801,"NED"
-65.9854151441932,39.869745883167,"NED"
-65.9948602649889,39.8547483840312,"NED"
-66.0043982893493,39.8397866734172,"NED"
-66.0140290212221,39.8248609248924,"NED"
-66.0237518832424,39.8099716133002,"NED"
-66.0335668727127,39.7951189140073,"NED"
-66.0434736047228,39.7803034511441,"NED"
-66.0534718841197,39.7655254000776,"NED"
-66.0635613250948,39.750785235651,"NED"
-66.0737415391404,39.7360829848424,"NED"
-66.0840125271561,39.7214194228688,"NED"
-66.0943737081796,39.7067945758096,"NED"
-66.1048248888571,39.6922087692198,"NED"
-66.1153656833791,39.6776626299271,"NED"
-66.1259960890478,39.6631561849105,"NED"
-66.1367153333456,39.6486900591995,"NED"
-66.1475236087273,39.6342642815719,"NED"
-66.1584201426751,39.6198793286686,"NED"
-66.1694051276442,39.6055356780295,"NED"
-66.1804777902175,39.5912335059222,"NED"
-66.1916381285965,39.5769731405986,"NED"
-66.2028857578711,39.5627549112106,"NED"
-66.2142200970794,39.5485791433133,"NED"
-66.2256413377769,39.5344461660585,"NED"
-66.2371489008008,39.5203564569854,"NED"
-66.248742400341,39.5063101959593,"NED"
-66.2604214460926,39.4923077103335,"NED"
-66.2721860407528,39.4783493292587,"NED"
-66.28403560336,39.4644353809887,"NED"
-66.2959699387613,39.4505661946746,"NED"
-66.3079886611473,39.4367421003681,"NED"
-66.3200915771642,39.4229634263219,"NED"
-66.3322781049501,39.4092305007875,"NED"
-66.3445480529497,39.3955435054293,"NED"
-66.356901225111,39.3819029177862,"NED"
-66.3693370431695,39.3683089186226,"NED"
-66.3818553119728,39.3547619881758,"NED"
-66.3944558381661,39.3412623054118,"NED"
-66.4071380416869,39.3278102003812,"NED"
-66.419901729181,39.3144060031353,"NED"
-66.4327463187872,39.3010500446244,"NED"
-66.4456718123036,39.2877426549005,"NED"
-66.4586778203246,39.274484013827,"NED"
-66.4717637636863,39.2612744532542,"NED"
-66.4849294490344,39.2481143014343,"NED"
-66.4981746830149,39.2350040404048,"NED"
-66.5114988837661,39.2219436998424,"NED"
-66.5249016645801,39.2089336115974,"NED"
-66.5383830263552,39.1959742568069,"NED"
-66.5519421938768,39.1830656660481,"NED"
-66.5655791671442,39.1702084697457,"NED"
-66.5792933660954,39.1574027002754,"NED"
-66.593084597376,39.1446486858889,"NED"
-66.6069524733774,39.1319467602356,"NED"
-66.6208964131386,39.119297255165,"NED"
-66.6349164175584,39.1067004998291,"NED"
-66.6490119047753,39.0941565257037,"NED"
-66.6631824898799,39.0816658148262,"NED"
-66.6774279768193,39.0692286999453,"NED"
-66.6917479797852,39.0568453600259,"NED"
-66.7061421120684,39.0445161287168,"NED"
-66.7206099851624,39.0322411849835,"NED"
-66.735151019004,39.0200208615738,"NED"
-66.7497652135934,39.0078554912385,"NED"
-66.7644521840204,38.9957454040278,"NED"
-66.7792111523724,38.9836906323175,"NED"
-66.7940423138014,38.9716916563458,"NED"
-66.80894489579,38.9597488088611,"NED"
-66.8239185089318,38.9478621222395,"NED"
-66.838963154126,38.9360319247343,"NED"
-66.854078057056,38.9242587019781,"NED"
-66.8692630243686,38.9125424836493,"NED"
-66.8845178609102,38.900883600698,"NED"
-66.8998417950625,38.8892823867735,"NED"
-66.9152346316724,38.8777390208398,"NED"
-66.9306961791848,38.8662536845608,"NED"
-66.9462258539397,38.8548268626701,"NED"
-66.9618232710265,38.8434585839471,"NED"
-66.977488041939,38.8321493313271,"NED"
-66.9926476546652,38.8213065813345,"NED"
-66.993465587167,38.8207242532225,"NED"
-67.0092640989586,38.8095335672211,"NED"
-67.0251288053494,38.7984024496141,"NED"
-67.0410593169336,38.7873313851358,"NED"
-67.0570554421545,38.7763202496806,"NED"
-67.0731167934049,38.7653696799674,"NED"
-67.0892425936701,38.7544798549619,"NED"
-67.1054328474475,38.7436508061405,"NED"
-67.12168716533,38.7328828617555,"NED"
-67.1380049645572,38.7221763572539,"NED"
-67.1543858629167,38.7115314716007,"NED"
-67.1708294692041,38.7009485357469,"NED"
-67.1873355918638,38.6904275811688,"NED"
-67.2039034556796,38.6799689361183,"NED"
-67.22025551458,38.6697456085736,"NED"
-67.2211752530351,38.669173262037,"NED"
-67.2378660200005,38.6588401767333,"NED"
-67.2546175613511,38.6485699441481,"NED"
-67.2714294885795,38.638363046318,"NED"
-67.2883012234223,38.6282196631079,"NED"
-67.305232763181,38.6181399752802,"NED"
-67.3222235286927,38.608124160902,"NED"
-67.3392729389946,38.5981725527216,"NED"
-67.356380800733,38.5882853297048,"NED"
-67.3735465338451,38.5784628237012,"NED"
-67.3907701374317,38.5687050616901,"NED"
-67.4080506438219,38.5590123764205,"NED"
-67.4253880530159,38.5493849441604,"NED"
-67.4427817849511,38.5398229456733,"NED"
-67.4602316453738,38.5303267119086,"NED"
-67.4644035625741,38.5280705134441,"NED"
-67.4808189121626,38.5192299061359,"NED"
-67.4983789008651,38.5098656721638,"NED"
-67.4988956728967,38.5095914778652,"NED"
-67.4998386363436,38.5090909916565,"NED"
-67.5174532058002,38.4997931105644,"NED"
-67.5351219684038,38.4905617127536,"NED"
-67.552844925053,38.4813969753907,"NED"
-67.5706211062787,38.4722992276281,"NED"
-67.5884505138796,38.4632686502286,"NED"
-67.6063325659947,38.4543052683739,"NED"
-67.6242670692694,38.4454095632016,"NED"
-67.6422532502869,38.4365815607907,"NED"
-67.6602909138942,38.427821440108,"NED"
-67.6783794818271,38.4191295312036,"NED"
-67.6965187589332,38.4105060103449,"NED"
-67.7147083576044,38.4019509018133,"NED"
-67.7329475053227,38.3934643863732,"NED"
-67.7512362011894,38.3850469415636,"NED"
-67.7695736708879,38.3766984441784,"NED"
-67.787959721064,38.3684193717572,"NED"
-67.8063937698561,38.3602095992941,"NED"
-67.8248756266086,38.3520694541424,"NED"
-67.8434047076607,38.3439992645549,"NED"
-67.8619806281033,38.3359989046264,"NED"
-67.8806030003279,38.3280687008104,"NED"
-67.8992712415742,38.3202089831586,"NED"
-67.9179849678314,38.3124196212691,"NED"
-67.9367439848465,38.3047010962791,"NED"
-67.9555477098587,38.2970532777874,"NED"
-67.9743957579575,38.2894764958443,"NED"
-67.9932875481813,38.2819710778037,"NED"
-68.0000317125931,38.2793129723163,"NED"
-68.0168084151759,38.2727305230958,"NED"
-68.0357861401179,38.2653678670339,"NED"
-68.0413630186878,38.2632209712717,"NED"
-68.0553853460566,38.2578544423295,"NED"
-68.0744476513376,38.2506352614087,"NED"
-68.0935517616041,38.2434881656472,"NED"
-68.1000770247345,38.2410669227008,"NED"
-68.1134674191856,38.2361278649094,"NED"
-68.1326537877417,38.2291251346181,"NED"
-68.1518802210947,38.2221950146885,"NED"
-68.1711469125999,38.2153373729219,"NED"
-68.1753772821355,38.2138433283075,"NED"
-68.178483912802,38.2127432362118,"NED"
-68.197789508079,38.2059584602153,"NED"
-68.21713400533,38.1992465131169,"NED"
-68.2365172120994,38.1926077186719,"NED"
-68.2559387416791,38.1860421002635,"NED"
-68.2753980131074,38.1795498278629,"NED"
-68.2948948321306,38.1731310759392,"NED"
-68.3144284262306,38.1667860171618,"NED"
-68.3339986002549,38.1605146704162,"NED"
-68.3536049665955,38.1543173612577,"NED"
-68.3732467536345,38.148193954788,"NED"
-68.3929239595727,38.1421449303452,"NED"
-68.4126358100942,38.1361701530309,"NED"
-68.4323819193895,38.1302697937165,"NED"
-68.4521620923064,38.124444024173,"NED"
-68.4719755554272,38.1186930161704,"NED"
-68.4918221153981,38.1130167858968,"NED"
-68.5117011912567,38.1074156589059,"NED"
-68.5250234557674,38.1037090149597,"NED"
-68.5323801987865,38.1016769095623,"NED"
-68.5523231462958,38.0962260233131,"NED"
-68.5722972526157,38.0908504435936,"NED"
-68.5923021346355,38.0855503430744,"NED"
-68.6123374038476,38.0803258881301,"NED"
-68.6324026717456,38.0751769429622,"NED"
-68.6524973600647,38.0701038313276,"NED"
-68.6726210802981,38.0651067213989,"NED"
-68.6927734448384,38.0601856275653,"NED"
-68.7129538754206,38.0553405678135,"NED"
-68.7331619808404,38.050571862302,"NED"
-68.744375158886,38.047961405595,"NED"
-68.754070924333,38.0457232520271,"NED"
-68.7743330304444,38.0411072900699,"NED"
-68.7946216530664,38.0365678802043,"NED"
-68.8149362112368,38.0321050359192,"NED"
-68.8352761230943,38.0277189271872,"NED"
-68.8556410028298,38.0234095648005,"NED"
-68.8760306579883,38.019177270715,"NED"
-68.8964443115555,38.0150219064363,"NED"
-68.9168817719759,38.0109437876264,"NED"
-68.9373424591867,38.0069427766884,"NED"
-68.9403376071946,38.0063639010737,"NED"
-68.9547899966606,38.0035461794135,"NED"
-68.9752725535852,37.999622412145,"NED"
-68.9957773687303,37.9957760881965,"NED"
-69.0163040553876,37.9920070663736,"NED"
-69.0290431608127,37.9897089801858,"NED"
-69.0382436381329,37.988066285731,"NED"
-69.0588127107378,37.9844525039807,"NED"
-69.079402299576,37.9809165198822,"NED"
-69.1000120179399,37.977458191343,"NED"
-69.120641477322,37.9740778349246,"NED"
-69.1412900976596,37.9707753094337,"NED"
-69.1619574931435,37.9675507794454,"NED"
-69.1826430819123,37.9644044059391,"NED"
-69.2033464772578,37.9613360486204,"NED"
-69.2240674849262,37.9583460231514,"NED"
-69.2448053306011,37.9554341838414,"NED"
-69.2655596293731,37.9526008499498,"NED"
-69.2863299909361,37.949845722003,"NED"
-69.3071160312796,37.9471691156631,"NED"
-69.3279169742886,37.9445710399224,"NED"
-69.3487328199631,37.9420515028754,"NED"
-69.3695627948868,37.9396105144145,"NED"
-69.3904067048052,37.9372483857052,"NED"
-69.4104098448379,37.9350567963349,"NED"
-69.4120964190142,37.9348751440732,"NED"
-69.4329662635817,37.9326704515806,"NED"
-69.4393893331508,37.9320080514311,"NED"
-69.4553519748135,37.9303901162118,"NED"
-69.4762462071964,37.928343195383,"NED"
-69.497152053424,37.9263751720771,"NED"
-69.5180689307362,37.9244860516906,"NED"
-69.5389964542228,37.922675843216,"NED"
-69.5599342353762,37.920944856021,"NED"
-69.5808814998811,37.9192927906303,"NED"
-69.6018380552817,37.9177199591092,"NED"
-69.6228035130714,37.9162262130698,"NED"
-69.6437772940862,37.9148117107924,"NED"
-69.6647588173649,37.9134764567738,"NED"
-69.6857478877545,37.9122203026256,"NED"
-69.7067439269904,37.9110435577147,"NED"
-69.722199279073,37.9102282287505,"NED"
-69.729001701567,37.9098815158201,"NED"
-69.7500101280645,37.9088632953057,"NED"
-69.7710243596862,37.9079244948201,"NED"
-69.7920436239138,37.9070651188605,"NED"
-69.8130677282927,37.9062850172403,"NED"
-69.8340958949092,37.9055843437429,"NED"
-69.8551281282603,37.9049631019661,"NED"
-69.8630784795875,37.9047488636699,"NED"
-69.8768919699881,37.9044021246592,"NED"
-69.8900764286839,37.9041030775953,"NED"
-69.9020872163516,37.9038488113742,"NED"
-69.9231277711294,37.9034658746512,"NED"
-69.9441704546024,37.9031623768428,"NED"
-69.9652146867081,37.9029383179498,"NED"
-69.9862598873835,37.9027938526548,"NED"
-70.0073056672224,37.9027288280739,"NED"
-70.0283514479606,37.9027432442058,"NED"
-70.0493972277995,37.9028371001526,"NED"
-70.0704420408671,37.903010550597,"NED"
-70.0914856920107,37.9032632870718,"NED"
-70.1125276020668,37.9035956162454,"NED"
-70.1335673834278,37.9040073834346,"NED"
-70.1546046466868,37.9044985859416,"NED"
-70.1699856778965,37.9049080481685,"NED"
-70.1781437069662,37.9051388483796,"NED"
-70.1823665275926,37.9052630663381,"NED"
-70.199294970986,37.9055366508965,"NED"
-70.2203355257636,37.9059484063944,"NED"
-70.2370471956712,37.9063320958502,"NED"
-70.242573752676,37.9064688872299,"NED"
-70.2636085014308,37.9070395097663,"NED"
-70.2846397662116,37.9076895631236,"NED"
-70.3056669660572,37.9084190464027,"NED"
-70.3227696018353,37.9090710809663,"NED"
-70.3305943421548,37.9093814549906,"NED"
-70.3516122520035,37.9102696317389,"NED"
-70.3726251292459,37.9112372303147,"NED"
-70.3902946670651,37.9121178671463,"NED"
-70.3963814981072,37.9098097661085,"NED"
-70.4042643742012,37.9068342053351,"NED"
-70.4166454172521,37.9021872842166,"NED"
-70.4356999371021,37.8951080980611,"NED"
-70.4358820731985,37.8950409285965,"NED"
-70.4504505624431,37.8895680898958,"NED"
-70.4695016423863,37.8824888920491,"NED"
-70.4885936207987,37.8754818746897,"NED"
-70.5077255452971,37.8685475162555,"NED"
-70.5268976020422,37.8616856818496,"NED"
-70.5308792712613,37.8602716750984,"NED"
-70.5315110126228,37.8600439352801,"NED"
-70.5506807778952,37.8531821368469,"NED"
-70.5547909728248,37.8517221999203,"NED"
-70.5577600962512,37.8506377596254,"NED"
-70.5768855213495,37.843703089127,"NED"
-70.587089723012,37.8400386989277,"NED"
-70.5909247083083,37.8352211737187,"NED"
-70.6022066269339,37.8211491929816,"NED"
-70.6135726393654,37.8071209067052,"NED"
-70.6250225513492,37.793136570297,"NED"
-70.6365560778004,37.7791968150817,"NED"
-70.6481725514218,37.7653015178516,"NED"
-70.6486166150643,37.7647732246053,"NED"
-70.6515629937365,37.7609030083676,"NED"
-70.6624827436833,37.746657400919,"NED"
-70.6734876369445,37.7324543358995,"NED"
-70.6845775781924,37.7182938411884,"NED"
-70.6957519927599,37.7041765499087,"NED"
-70.707010883345,37.6901024125971,"NED"
-70.7183536743821,37.6760722944015,"NED"
-70.7297801743152,37.6620859138342,"NED"
-70.7412900980592,37.6481441369428,"NED"
-70.7528829671747,37.6342468369225,"NED"
-70.7645587816621,37.6203948015794,"NED"
-70.7763169686528,37.6065878312639,"NED"
-70.7881572421627,37.5928265599981,"NED"
-70.8000793126097,37.5791113187333,"NED"
-70.8120829911367,37.565442289131,"NED"
-70.8172266608813,37.5596273069554,"NED"
-70.8258217397811,37.5499523805985,"NED"
-70.8379870093923,37.5363768049462,"NED"
-70.8502329311045,37.5228486640353,"NED"
-70.862558834922,37.509367911101,"NED"
-70.8749648179717,37.4959350290792,"NED"
-70.8874502111582,37.4825502751756,"NED"
-70.9000149191526,37.469213981241,"NED"
-70.9126584617184,37.4559264026821,"NED"
-70.925380650896,37.4426879513883,"NED"
-70.9381809120191,37.4294988800699,"NED"
-70.9510592450878,37.4163595997162,"NED"
-70.9640150763344,37.4032702146494,"NED"
-70.9770482151027,37.3902310567187,"NED"
-70.9901581829533,37.3772425360146,"NED"
-71.0033446948016,37.3643049079456,"NED"
-71.0166073666364,37.3514185079586,"NED"
-71.0299461040291,37.3385836670033,"NED"
-71.0433603341119,37.325800339215,"NED"
-71.056849576646,37.3130693132991,"NED"
-71.0704138343306,37.3003904660479,"NED"
-71.0840525315987,37.2877644350815,"NED"
-71.0872878822294,37.2847868175583,"NED"
-71.0929435575985,37.2720070151125,"NED"
-71.0999884750876,37.2563082920948,"NED"
-71.107128185617,37.2406374390673,"NED"
-71.114362884339,37.2249947069406,"NED"
-71.1216918976627,37.2093807270396,"NED"
-71.1291154207395,37.193795520048,"NED"
-71.1366327817771,37.17823971729,"NED"
-71.1442442703564,37.1627135687768,"NED"
-71.1519492146841,37.1472175556463,"NED"
-71.1597476156596,37.1317519288091,"NED"
-71.16763909197,37.1163170138196,"NED"
-71.1756235482874,37.1009133700568,"NED"
-71.1837005052738,37.0855411701896,"NED"
-71.1918699629281,37.0702010491399,"NED"
-71.2001315399383,37.0548929529479,"NED"
-71.2084850456479,37.0396175929784,"NED"
-71.2169300969458,37.0243752201411,"NED"
-71.2254666938323,37.009166011603,"NED"
-71.2340942634392,36.9939906787275,"NED"
-71.2366502832836,36.9895319002778,"NED"
-71.2378056899802,36.9871116870556,"NED"
-71.2452969643828,36.97155345343,"NED"
-71.2528816954335,36.9560247580367,"NED"
-71.2605597869043,36.9405263122403,"NED"
-71.2683310499375,36.9250582896093,"NED"
-71.2761952920786,36.9096209428527,"NED"
-71.2780340441356,36.9060420808779,"NED"
-71.2853592362395,36.891866012607,"NED"
-71.2934080984048,36.876491216397,"NED"
-71.301549270582,36.8611483101469,"NED"
-71.309782372358,36.8458377785913,"NED"
-71.3105606060867,36.844400885893,"NED"
-71.3134769797784,36.8390000604052,"NED"
-71.3218009571479,36.8237219314226,"NED"
-71.3284235017427,36.8117079439671,"NED"
-71.3313981667915,36.8063410588933,"NED"
-71.3399043755858,36.7911291371008,"NED"
-71.3485015579999,36.7759509902468,"NED"
-71.357189329124,36.760806871041,"NED"
-71.365967690756,36.7456972642181,"NED"
-71.3748360700282,36.7306221922611,"NED"
-71.3837941791575,36.715582370131,"NED"
-71.3928422088005,36.7005779749944,"NED"
-71.4019793963317,36.6856093378013,"NED"
-71.4112057399527,36.6706768659455,"NED"
-71.4205210499063,36.6557809704162,"NED"
-71.4299202603115,36.6409289869836,"NED"
-71.4380564637344,36.6280804007907,"NED"
-71.4384305781084,36.6274927226117,"NED"
-71.4432986551082,36.6198196961228,"NED"
-71.4527875000428,36.6049976250409,"NED"
-71.4623644506582,36.5902129828434,"NED"
-71.472151345308,36.5752812763105,"NED"
-71.4728808447747,36.5741736263125,"NED"
-71.4826327647899,36.5594653608383,"NED"
-71.4924719298352,36.5447955998377,"NED"
-71.5005496512449,36.5328764809655,"NED"
-71.4991757956262,36.5281525050349,"NED"
-71.4954800406711,36.5152837389539,"NED"
-71.4931712327656,36.5071788751054,"NED"
-71.4911724193712,36.5000841405711,"NED"
-71.4866852421297,36.4840480620692,"NED"
-71.4822343777137,36.4677600277035,"NED"
-71.4778863345862,36.4514537973555,"NED"
-71.4736407323335,36.4351301309512,"NED"
-71.4706908166276,36.4235388788168,"NED"
-71.4683525766097,36.4142644808218,"NED"
-71.4643123309488,36.3979070457739,"NED"
-71.4603750019044,36.3815333887553,"NED"
-71.4593650362671,36.3772610451619,"NED"
-71.4557884432815,36.3619608818896,"NED"
-71.4520566623847,36.345555780076,"NED"
-71.4484277027759,36.3291358250592,"NED"
-71.4449014700264,36.3127010869862,"NED"
-71.4414779641362,36.2962523329797,"NED"
-71.4381576608468,36.2797897132253,"NED"
-71.4354949966963,36.2661944649034,"NED"
-71.4344297020688,36.2606802888649,"NED"
-71.4313151393819,36.2441914448801,"NED"
-71.4283035877401,36.2276900337689,"NED"
-71.4253947638571,36.2111765141854,"NED"
-71.4225912460888,36.1946647437833,"NED"
-71.4209782049799,36.1850898589105,"NED"
-71.4196339730291,36.1769449833247,"NED"
-71.4174784419763,36.1654728760733,"NED"
-71.4144672743447,36.1489715360079,"NED"
-71.41155902333,36.1324581657122,"NED"
-71.4087534982751,36.1159331500957,"NED"
-71.4060509860638,36.099396792229,"NED"
-71.4034512960402,36.082849476123,"NED"
-71.4009545226326,36.0662919742957,"NED"
-71.3985603807566,36.0497242822504,"NED"
-71.3962693470523,36.033147095163,"NED"
-71.3940808486519,36.0165607979432,"NED"
-71.3919953630951,35.9999655443751,"NED"
-71.3900126988267,35.9833621060773,"NED"
-71.3881329520738,35.9667507150741,"NED"
-71.3863558359527,35.9501319127581,"NED"
-71.3846814466911,35.9335059311546,"NED"
-71.3831099749449,35.9168733889966,"NED"
-71.3816411329317,35.9002345201077,"NED"
-71.3802749215502,35.8835899432222,"NED"
-71.3790114370277,35.8669398930622,"NED"
-71.3780410325671,35.8531218628842,"NED"
-71.3773387672701,35.8428743291874,"NED"
-71.376280257128,35.8262147156374,"NED"
-71.3753243776176,35.8095509508161,"NED"
-71.3744710343105,35.7928835023726,"NED"
-71.3737202236092,35.7762126823701,"NED"
-71.3730716631263,35.7595389566583,"NED"
-71.3725254472911,35.74286279828,"NED"
-71.3720816687337,35.7261845930452,"NED"
-71.3717402357231,35.7095045801728,"NED"
-71.3715008595768,35.6928235402748,"NED"
-71.3713636374215,35.6761414742502,"NED"
-71.3713285665597,35.6594593200924,"NED"
-71.3713955543611,35.6427768493725,"NED"
-71.3715643112437,35.6260950747284,"NED"
-71.3718353183446,35.6094140042536,"NED"
-71.372207902972,35.5927343403181,"NED"
-71.3726822593785,35.5760561647608,"NED"
-71.372713411894,35.5750693656595,"NED"
-71.372836874422,35.5710465488599,"NED"
-71.3731369296253,35.5619948355937,"NED"
-71.3737064639817,35.5455038898933,"NED"
-71.3740690157721,35.5362684460326,"NED"
-71.3744621472101,35.5268903031458,"NED"
-71.3752405715945,35.5102195550891,"NED"
-71.376120578002,35.4935522694221,"NED"
-71.3771018759504,35.4768888418475,"NED"
-71.3781841803552,35.4602294351409,"NED"
-71.3793679687563,35.4435745232465,"NED"
-71.3806527627145,35.426924659246,"NED"
-71.3820383733719,35.410280240641,"NED"
-71.3835249877877,35.3936416640323,"NED"
-71.3851122282463,35.3770093287181,"NED"
-71.3868003780346,35.3603834748183,"NED"
-71.3885889614111,35.3437646581129,"NED"
-71.390477976577,35.3271535117258,"NED"
-71.3924674262303,35.3105499664082,"NED"
-71.3945572123453,35.2939548108665,"NED"
-71.3967469518099,35.277368212374,"NED"
-71.3990368388787,35.2607908822941,"NED"
-71.4014265857679,35.2442229078613,"NED"
-71.4039160009224,35.2276647693145,"NED"
-71.4065052749981,35.2111171015736,"NED"
-71.4091940257833,35.1945799927734,"NED"
-71.4119820644203,35.1780540814312,"NED"
-71.4148695779683,35.1615397668475,"NED"
-71.4178562840396,35.1450372972339,"NED"
-71.4209417968261,35.1285470718906,"NED"
-71.424126214353,35.1120696537919,"NED"
-71.4274095357212,35.0956054440367,"NED"
-71.4299215976033,35.0833391149088,"NED"
-71.4303785620206,35.0810038480498,"NED"
-71.4336595901176,35.0645393586051,"NED"
-71.4370393313997,35.0480883356091,"NED"
-71.440517401856,35.0316514175794,"NED"
-71.4440937079579,35.015228775388,"NED"
-71.4444826341656,35.0134709632151,"NED"
-71.4452869563276,35.0087450663324,"NED"
-71.4457231850765,35.0062023555552,"NED"
-71.4457897888672,35.0058123717444,"NED"
-42,35,"NED"
-42,55,"NED"
-67.1,55,"NED"
-71.4457897888672,35.0058123717444,"NCA"
-71.448665933186,34.9892968862427,"NCA"
-71.4516411711025,34.972793138693,"NCA"
-71.4547150259774,34.9563018485518,"NCA"
-71.4578876902644,34.9398233422741,"NCA"
-71.4611588752815,34.9233578653738,"NCA"
-71.4629801391218,34.9144048221255,"NCA"
-71.4650512912834,34.9043502370742,"NCA"
-71.4685188495649,34.8879120653899,"NCA"
-71.4720848359461,34.8714883736903,"NCA"
-71.4757486739616,34.8550794893277,"NCA"
-71.4795104607388,34.8386854230945,"NCA"
-71.4833698131658,34.8223070527289,"NCA"
-71.4873266359151,34.8059446282427,"NCA"
-71.4913809298856,34.7895984760896,"NCA"
-71.4955325026224,34.7732690819031,"NCA"
-71.499781258798,34.7569568530767,"NCA"
-71.5041268170987,34.7406619595823,"NCA"
-71.5085690821971,34.7243851253738,"NCA"
-71.513107956067,34.7081265995635,"NCA"
-71.5177432498507,34.6918866339614,"NCA"
-71.5224746766646,34.6756657942414,"NCA"
-71.5273023309373,34.6594644877968,"NCA"
-71.5273561310801,34.659286116262,"NCA"
-71.5305059561844,34.6465859110118,"NCA"
-71.5346461569943,34.6302553297201,"NCA"
-71.5388832561571,34.6139419659494,"NCA"
-71.5432171556466,34.5976460697109,"NCA"
-71.5476476657067,34.5813680501962,"NCA"
-71.5490743663887,34.5762043489522,"NCA"
-71.5529646797756,34.5622524690768,"NCA"
-71.5575877418803,34.5460113370542,"NCA"
-71.5623067463588,34.5297892301895,"NCA"
-71.5662433100803,34.5165178052532,"NCA"
-71.5692936575762,34.5058332478068,"NCA"
-71.5740092221475,34.4896108378705,"NCA"
-71.5788208217232,34.4734079567125,"NCA"
-71.583728269244,34.4572248552433,"NCA"
-71.5887310835724,34.4410620217957,"NCA"
-71.5938292674066,34.4249198682583,"NCA"
-71.5990225320638,34.4087987228834,"NCA"
-71.6043110691002,34.3926989211191,"NCA"
-71.6096944009755,34.3766210313362,"NCA"
-71.6151723361342,34.3605652253055,"NCA"
-71.6207445885915,34.3445319949561,"NCA"
-71.6264112536761,34.3285218331168,"NCA"
-71.6321720454033,34.3125349906977,"NCA"
-71.6380268666462,34.2965718031467,"NCA"
-71.6439751454362,34.2806329998135,"NCA"
-71.6500171668585,34.2647183576666,"NCA"
-71.6561521682877,34.2488288470745,"NCA"
-71.6623805310363,34.2329645633647,"NCA"
-71.6687017766654,34.217125761046,"NCA"
-71.6751156200893,34.2013131721657,"NCA"
-71.6816220604094,34.1855268929521,"NCA"
-71.6882209060698,34.169767417133,"NCA"
-71.6949116804293,34.1540351601951,"NCA"
-71.7016942872612,34.1383304557866,"NCA"
-71.7085687247663,34.1226536420528,"NCA"
-71.7155345190025,34.1070051326811,"NCA"
-71.7225916672716,34.0913852649187,"NCA"
-71.7297397882604,34.0757945333914,"NCA"
-71.7369785941864,34.0602331152667,"NCA"
-71.7443080859491,34.044701587009,"NCA"
-71.7517278822356,34.0292001248864,"NCA"
-71.7592377896919,34.013729227123,"NCA"
-71.7668376203592,33.9982892300646,"NCA"
-71.7745272753133,33.9828804709576,"NCA"
-71.782306087256,33.9675034480265,"NCA"
-71.7901744383992,33.9521583393365,"NCA"
-71.7981315634205,33.9368457213538,"NCA"
-71.806177463219,33.9215656147622,"NCA"
-71.8143119471381,33.9063188361459,"NCA"
-71.8225345358397,33.8911053252511,"NCA"
-71.8308453255509,33.8759256603417,"NCA"
-71.8392437452023,33.8607804187818,"NCA"
-71.8477297911966,33.8456693847348,"NCA"
-71.856302986893,33.8305935330659,"NCA"
-71.8649635238472,33.8155527252787,"NCA"
-71.8737106376354,33.8005475414365,"NCA"
-71.8825444253847,33.7855783205839,"NCA"
-71.8914642144017,33.7706456427826,"NCA"
-71.9004703886969,33.7557494495783,"NCA"
-71.9095620903177,33.7408904010715,"NCA"
-71.9187395081216,33.7260686780277,"NCA"
-71.9280021636687,33.7112846212889,"NCA"
-71.9373496774455,33.6965386508389,"NCA"
-71.9467820467536,33.6818311093189,"NCA"
-71.956298794953,33.6671624167126,"NCA"
-71.9658999229426,33.6525327555827,"NCA"
-71.9755848551566,33.6379427077901,"NCA"
-71.9853534027368,33.6233924549987,"NCA"
-71.9952054685573,33.6088822580102,"NCA"
-72.0051406713046,33.5944125413064,"NCA"
-72.0151587240955,33.5799836439307,"NCA"
-72.0252593391467,33.5655960713021,"NCA"
-72.0354423267017,33.5512499250448,"NCA"
-72.0457071138918,33.5369455460009,"NCA"
-72.0560537942469,33.5226834395897,"NCA"
-72.0664818920254,33.5084639475539,"NCA"
-72.0769913101003,33.4942870932751,"NCA"
-72.0875814756042,33.4801535395549,"NCA"
-72.0982523894359,33.4660635498935,"NCA"
-72.1090035722567,33.452017468732,"NCA"
-72.1198346427542,33.4380155577726,"NCA"
-72.1307456971559,33.4240580823156,"NCA"
-72.1417360645674,33.4101453841029,"NCA"
-72.1528056523584,33.3962779685542,"NCA"
-72.1639539802917,33.3824560209294,"NCA"
-72.1751811436945,33.3686798029312,"NCA"
-72.1864862837145,33.3549496598993,"NCA"
-72.1978694956803,33.3412660945555,"NCA"
-72.2093304936068,33.3276293748966,"NCA"
-72.2208686083991,33.3140396816866,"NCA"
-72.2324839335863,33.300497362064,"NCA"
-72.2441761849825,33.287002758671,"NCA"
-72.2559446916939,33.2735562177461,"NCA"
-72.2677893601904,33.2601580828298,"NCA"
-72.2797099980176,33.2468084600428,"NCA"
-72.2917058398522,33.2335079339446,"NCA"
-72.3037771752759,33.2202566888959,"NCA"
-72.3159235240511,33.2070549910959,"NCA"
-72.3281441217536,33.1939032659236,"NCA"
-72.3404391608383,33.1808017768809,"NCA"
-72.3528082581942,33.1677506309873,"NCA"
-72.3652508409532,33.1547505728814,"NCA"
-72.3777668128878,33.1418013876245,"NCA"
-72.3903556955586,33.1289037407154,"NCA"
-72.4030173963355,33.1160577391742,"NCA"
-72.4157514349805,33.1032637274397,"NCA"
-72.4285573330541,33.0905221299929,"NCA"
-72.4414351876834,33.0778331347922,"NCA"
-72.4543843306719,33.0651970071366,"NCA"
-72.4674044733375,33.0526140905684,"NCA"
-72.4804952343673,33.040084653085,"NCA"
-72.493656423105,33.0276090400261,"NCA"
-72.5068877508688,33.015187435752,"NCA"
-72.5201887428159,33.0028202692404,"NCA"
-72.5335592055926,32.9905076430139,"NCA"
-72.546998757886,32.9782499051099,"NCA"
-72.5605068268283,32.9660475609471,"NCA"
-72.5740834106205,32.9539006366056,"NCA"
-72.5877279381935,32.9418093973864,"NCA"
-72.6014402170921,32.9297741886286,"NCA"
-72.6152200557607,32.9177953583695,"NCA"
-72.6290665953466,32.9058730900719,"NCA"
-72.6429799302792,32.8940078127111,"NCA"
-72.6569594876898,32.8821997106488,"NCA"
-72.6710050769223,32.8704489700449,"NCA"
-72.6851164119923,32.8587558561985,"NCA"
-72.6992930126619,32.8471207153493,"NCA"
-72.7135344031895,32.8355438937365,"NCA"
-72.7278404873481,32.8240254983784,"NCA"
-72.7422105960416,32.8125659528569,"NCA"
-72.7566448245987,32.8011653641909,"NCA"
-72.7711425048221,32.7898241595578,"NCA"
-72.7857032536017,32.7785424432798,"NCA"
-72.8003269774076,32.7673205606958,"NCA"
-72.8150131960019,32.7561587798044,"NCA"
-72.8297612420873,32.7450572849663,"NCA"
-72.8445711138654,32.7340163405822,"NCA"
-72.8594425271505,32.7230362137507,"NCA"
-72.8743748101487,32.7121172516103,"NCA"
-72.8893677740032,32.7012595566836,"NCA"
-72.9044211318295,32.6904634779076,"NCA"
-72.9195342136328,32.6797291978451,"NCA"
-72.9347070212117,32.6690570636332,"NCA"
-72.949938978101,32.6584472614329,"NCA"
-72.9652297047865,32.6478998928664,"NCA"
-72.9805789143851,32.6374153869111,"NCA"
-72.9968000059151,32.6264465528666,"NCA"
-73.0118529806303,32.616365579908,"NCA"
-73.0273752476691,32.606070899253,"NCA"
-73.042954467874,32.5958400605712,"NCA"
-73.0585904505885,32.5856731699815,"NCA"
-73.0742827173731,32.5755705719253,"NCA"
-73.0900306953599,32.5655323707231,"NCA"
-73.1058340023368,32.5555589926539,"NCA"
-73.1216925420767,32.545650300122,"NCA"
-73.1376058370393,32.5358069604235,"NCA"
-73.153573505912,32.5260289160022,"NCA"
-73.1695951655839,32.5163164321582,"NCA"
-73.1856702431868,32.5066697723926,"NCA"
-73.2017987378212,32.4970891219662,"NCA"
-73.2179799821902,32.48757466434,"NCA"
-73.2342134960555,32.4781269067317,"NCA"
-73.2504991858883,32.4687456288083,"NCA"
-73.2668367648044,32.4594311750092,"NCA"
-73.2832253721529,32.4501840525528,"NCA"
-73.2996649117058,32.4410040420036,"NCA"
-73.31615500395,32.431891728821,"NCA"
-73.3326951677475,32.4228470563469,"NCA"
-73.3492851189129,32.413870285386,"NCA"
-73.3659243781071,32.404961762176,"NCA"
-73.3826126593464,32.3961215083017,"NCA"
-73.399349484191,32.3873497872634,"NCA"
-73.4161342797727,32.3786468625634,"NCA"
-73.4329671432186,32.3700129167634,"NCA"
-73.4498472111795,32.3614481342247,"NCA"
-73.4667742947975,32.3529526138728,"NCA"
-73.4837480118608,32.3445266201084,"NCA"
-73.5007679792583,32.3361704164321,"NCA"
-73.5178337203496,32.3278840208317,"NCA"
-73.5349448511236,32.3196677004049,"NCA"
-73.5521010855962,32.3115217950956,"NCA"
-73.5693018508991,32.3034464083257,"NCA"
-73.586546764821,32.2954415580822,"NCA"
-73.6038355413767,32.2875075069667,"NCA"
-73.621167795657,32.2796444366418,"NCA"
-73.6298329200529,32.27574739093,"NCA"
-73.6402827085797,32.2665940578702,"NCA"
-73.654019929276,32.2546626281784,"NCA"
-73.6678237528635,32.2427881714376,"NCA"
-73.6816933222885,32.23097087021,"NCA"
-73.6956286357525,32.2192109133539,"NCA"
-73.7096292166145,32.2075086480064,"NCA"
-73.723694682663,32.1958645040446,"NCA"
-73.7378248423419,32.1842785048497,"NCA"
-73.7520192172127,32.17275099936,"NCA"
-73.7662775221895,32.1612822528742,"NCA"
-73.7805992770346,32.1498725351901,"NCA"
-73.7949842928905,32.1385222743842,"NCA"
-73.8094321866458,32.1272314929396,"NCA"
-73.8239426723161,32.1160004597543,"NCA"
-73.8385152705626,32.1048296038036,"NCA"
-73.8531496009729,32.0937190303098,"NCA"
-73.8564240352406,32.0912475773143,"NCA"
-73.8680938296662,32.0824815561792,"NCA"
-73.8828506666247,32.0714924855906,"NCA"
-73.8976680891107,32.0605644987532,"NCA"
-73.9125458084419,32.0496979428064,"NCA"
-73.9274838264172,32.0388927592942,"NCA"
-73.9424812805863,32.0281497036468,"NCA"
-73.9575380792183,32.0174685546306,"NCA"
-73.9726535496212,32.0068499049,"NCA"
-73.9878278851484,31.9962936950986,"NCA"
-74.0030603213762,31.9858004369415,"NCA"
-74.0183503780671,31.9753701520114,"NCA"
-74.0336980588181,31.9650033511244,"NCA"
-74.0491027871636,31.9546998948852,"NCA"
-74.0645640882617,31.9444602131689,"NCA"
-74.080081767859,31.9342846522156,"NCA"
-74.0956553502138,31.9241734800229,"NCA"
-74.1112847390989,31.9141265553968,"NCA"
-74.1269692654187,31.9041445510308,"NCA"
-74.1427085469616,31.8942273266304,"NCA"
-74.1585022024141,31.8843753129707,"NCA"
-74.1743500402217,31.8745887735538,"NCA"
-74.1902517717015,31.8648677326601,"NCA"
-74.2062066360271,31.8552127002064,"NCA"
-74.2222144398443,31.8456236150382,"NCA"
-74.2382749915969,31.8361007442547,"NCA"
-74.254387433333,31.8266444340942,"NCA"
-74.2705519539093,31.8172549516553,"NCA"
-74.286767693574,31.8079322357846,"NCA"
-74.3030346541256,31.7986767981964,"NCA"
-74.3193522608978,31.7894886577761,"NCA"
-74.3357201316783,31.780368081622,"NCA"
-74.3521377889275,31.7713153350354,"NCA"
-74.3686050419888,31.7623305196385,"NCA"
-74.3851214124229,31.7534139007316,"NCA"
-74.4016866133462,31.7445656626759,"NCA"
-74.4182999747636,31.7357859070945,"NCA"
-74.4349615002727,31.7270750620651,"NCA"
-74.4516704218521,31.7184332292107,"NCA"
-74.4684264553164,31.7098605910942,"NCA"
-74.4852292157554,31.7013571692984,"NCA"
-74.5020785143113,31.6929234710421,"NCA"
-74.5189738734451,31.6845595997464,"NCA"
-74.5359147166902,31.6762654933584,"NCA"
-74.5529008560892,31.6680416599951,"NCA"
-74.5699317178741,31.6598881194417,"NCA"
-74.5870070142617,31.6518050533611,"NCA"
-74.6041262668135,31.6437928079921,"NCA"
-74.6212892866708,31.6358514031205,"NCA"
-74.6384954991675,31.6279810204086,"NCA"
-74.6557444267635,31.6201818397205,"NCA"
-74.669032900148,31.6142350574026,"NCA"
-74.6735927983688,31.6122059341573,"NCA"
-74.6909262001836,31.6045498508956,"NCA"
-74.7083011695631,31.596965353669,"NCA"
-74.7257173260934,31.5894530333317,"NCA"
-74.7431743810923,31.5820127423947,"NCA"
-74.760671858819,31.5746448279968,"NCA"
-74.7782091837065,31.5673492235882,"NCA"
-74.7957861659984,31.5601262763074,"NCA"
-74.8134023281545,31.5529761651184,"NCA"
-74.8310572870639,31.5458989898474,"NCA"
-74.8487506614134,31.5388948494185,"NCA"
-74.8664821616218,31.5319640855748,"NCA"
-74.8842509324343,31.5251066380613,"NCA"
-74.9020571618082,31.5183227640851,"NCA"
-74.9198998937646,31.5116126471068,"NCA"
-74.9377790347743,31.5049763833542,"NCA"
-74.9556942017256,31.4984142354291,"NCA"
-74.9736448208515,31.4919260540449,"NCA"
-74.9916306061673,31.4855124291561,"NCA"
-75.0096509839054,31.479173213274,"NCA"
-75.0277056671821,31.4729085026258,"NCA"
-75.0457944653419,31.4667186407533,"NCA"
-75.0639165177328,31.460603642045,"NCA"
-75.0820716336983,31.4545637682037,"NCA"
-75.1002593347999,31.4485988699424,"NCA"
-75.1184793359521,31.4427094517803,"NCA"
-75.1367310633876,31.4368955308047,"NCA"
-75.1550141330955,31.4311570368684,"NCA"
-75.1733283553187,31.4254941498356,"NCA"
-75.191672964735,31.4199073751261,"NCA"
-75.2100478678145,31.4143963970764,"NCA"
-75.2248708319231,31.4100124907845,"NCA"
-75.2301572663443,31.4057732017724,"NCA"
-75.244417769264,31.3944125933673,"NCA"
-75.258741052957,31.3831115065916,"NCA"
-75.2731265472519,31.3718704576559,"NCA"
-75.2875736756844,31.3606893872063,"NCA"
-75.3020822502953,31.3495685623401,"NCA"
-75.3166518870745,31.3385084983693,"NCA"
-75.3312822991385,31.3275092987157,"NCA"
-75.3459731996031,31.3165711522373,"NCA"
-75.3607240173991,31.3056944879108,"NCA"
-75.3755344629449,31.2948794127557,"NCA"
-75.3904043455835,31.2841261120312,"NCA"
-75.4053330951459,31.2734350174127,"NCA"
-75.4203204211501,31.2628063977976,"NCA"
-75.4353660376119,31.2522401938306,"NCA"
-75.4504694678913,31.2417369190243,"NCA"
-75.465630426003,31.2312967586394,"NCA"
-75.4808485270377,31.2209199833709,"NCA"
-75.4961232961528,31.2106067757826,"NCA"
-75.5114546353229,31.2003573238321,"NCA"
-75.5268417810231,31.1901719782547,"NCA"
-75.5422848285816,31.1800509243113,"NCA"
-75.5577829200454,31.169994346363,"NCA"
-75.5733362433725,31.160002594245,"NCA"
-75.5889438452818,31.1500756922399,"NCA"
-75.6046057230754,31.1402139865869,"NCA"
-75.6203214019108,31.1304179116582,"NCA"
-75.6360904986773,31.1206873235619,"NCA"
-75.6519126311625,31.1110227367104,"NCA"
-75.6677874162556,31.1014240890509,"NCA"
-75.6837146633006,31.0918918949953,"NCA"
-75.6996937032017,31.0824261752284,"NCA"
-75.7157242499738,31.0730271959487,"NCA"
-75.7318060158346,31.0636953078927,"NCA"
-75.7479385241434,31.0544305317442,"NCA"
-75.7641214880159,31.0452330518643,"NCA"
-75.7803544290133,31.0361033817663,"NCA"
-75.7966370611511,31.0270414593965,"NCA"
-75.8129690022173,31.018047469116,"NCA"
-75.8293496784445,31.0091216780236,"NCA"
-75.8457788020496,31.0002644350561,"NCA"
-75.8622560888472,30.9914758418373,"NCA"
-75.8787811548262,30.9827561645662,"NCA"
-75.8953534271186,30.9741053420886,"NCA"
-75.9119728103962,30.9655238042808,"NCA"
-75.9286386337656,30.9570117337053,"NCA"
-75.945350518611,30.9485692337837,"NCA"
-75.962108176251,30.9401966525542,"NCA"
-75.9789112235737,30.9318940080025,"NCA"
-75.9957593763937,30.9236614853901,"NCA"
-76.0126519629174,30.915499430055,"NCA"
-76.0295887933877,30.9074079454213,"NCA"
-76.046569485593,30.8993872958874,"NCA"
-76.0635934666646,30.8914374167038,"NCA"
-76.0806605450477,30.8835587404442,"NCA"
-76.0977701469744,30.8757514469725,"NCA"
-76.1149221771166,30.8680154742354,"NCA"
-76.1321157757221,30.8603513321486,"NCA"
-76.1493507521351,30.8527588759219,"NCA"
-76.1666270092285,30.8452385327328,"NCA"
-76.1839436881504,30.8377903232653,"NCA"
-76.201300502016,30.8304143428481,"NCA"
-76.21869726017,30.8231110249544,"NCA"
-76.2361333879452,30.8158803021349,"NCA"
-76.2536086002563,30.8087225197292,"NCA"
-76.2711223224367,30.8016376984215,"NCA"
-76.2886742676029,30.7946260153791,"NCA"
-76.3062640553414,30.7876876531631,"NCA"
-76.3238912063138,30.7808227115995,"NCA"
-76.3415552429797,30.7740314550884,"NCA"
-76.3592557840269,30.7673141444326,"NCA"
-76.3769926370003,30.7606706321444,"NCA"
-76.3947654196878,30.7541012626636,"NCA"
-76.4125732741369,30.7476059712392,"NCA"
-76.4304162938765,30.7411853478264,"NCA"
-76.4482936191548,30.7348391630975,"NCA"
-76.4662051537444,30.7285676769574,"NCA"
-76.4841505181315,30.7223708237551,"NCA"
-76.4940653656238,30.7189841945657,"NCA"
-76.497918890444,30.7155148844048,"NCA"
-76.5113418151723,30.7035053593857,"NCA"
-76.5248304848387,30.6915524628764,"NCA"
-76.5383848041147,30.6796563828364,"NCA"
-76.5520043898903,30.6678175554367,"NCA"
-76.5656887646244,30.6560359995623,"NCA"
-76.5794378338883,30.6443124850339,"NCA"
-76.5932509276878,30.6326466997859,"NCA"
-76.6071280460222,30.6210392472643,"NCA"
-76.621068519796,30.6094903118293,"NCA"
-76.6350722536812,30.5980003305514,"NCA"
-76.6491387710368,30.5865694086521,"NCA"
-76.6632676878532,30.5751977331894,"NCA"
-76.6774588143725,30.5638856548995,"NCA"
-76.6917118628118,30.5526333617408,"NCA"
-76.7060262603034,30.5414412907837,"NCA"
-76.7204016246347,30.5303095454498,"NCA"
-76.7348377651503,30.5192383109999,"NCA"
-76.7493343940666,30.5082281908788,"NCA"
-76.7638909394149,30.4972792057713,"NCA"
-76.7785073040685,30.4863916263729,"NCA"
-76.7931828198309,30.4755654715698,"NCA"
-76.8079173922735,30.4648013448067,"NCA"
-76.8227106373857,30.4540994322437,"NCA"
-76.8375618860718,30.4434600027776,"NCA"
-76.852471236358,30.4328829970536,"NCA"
-76.8674381117791,30.4223690140198,"NCA"
-76.8824622290483,30.4119180752593,"NCA"
-76.8975431070282,30.4015305333081,"NCA"
-76.9126802699781,30.391206657062,"NCA"
-76.9278735272411,30.3809466335808,"NCA"
-76.9406653037125,30.3723937040697,"NCA"
-76.9431227807914,30.3707505680849,"NCA"
-76.945874920291,30.3689286360481,"NCA"
-76.9584271717761,30.360618976785,"NCA"
-76.9737865113379,30.3505518812649,"NCA"
-76.9791167739121,30.3470930159689,"NCA"
-76.9892004127685,30.3405496331594,"NCA"
-77.0046687852359,30.3306122531534,"NCA"
-77.0201908598199,30.3207402601554,"NCA"
-77.0357664485624,30.3109335066766,"NCA"
-77.051395169251,30.301192678,"NCA"
-77.0670768294318,30.2915177120732,"NCA"
-77.0828106637808,30.2819087096196,"NCA"
-77.0985965787688,30.2723664395598,"NCA"
-77.1144341912846,30.2628905061924,"NCA"
-77.1303229275605,30.2534813438895,"NCA"
-77.1462626931681,30.2441392224477,"NCA"
-77.162252819012,30.2348644089658,"NCA"
-77.1782933032927,30.2256570077652,"NCA"
-77.1943832880579,30.2165172859446,"NCA"
-77.2105228677355,30.2074454296637,"NCA"
-77.2267111825744,30.198441458707,"NCA"
-77.2315446671522,30.1957716809191,"NCA"
-77.23091110916,30.1947331519139,"NCA"
-77.2219575856736,30.1799586252909,"NCA"
-77.213091788355,30.165144741637,"NCA"
-77.2043138080352,30.1502919038491,"NCA"
-77.1956237427411,30.1354006758011,"NCA"
-77.1870220700121,30.1204713731557,"NCA"
-77.1785086936207,30.1055042297371,"NCA"
-77.1700841882345,30.0904998130164,"NCA"
-77.1617480736143,30.0754585213944,"NCA"
-77.1535012131102,30.0603806732299,"NCA"
-77.1453432218117,30.0452665841862,"NCA"
-77.137274579058,30.0301166571586,"NCA"
-77.1292953792779,30.0149313750834,"NCA"
-77.1221168710961,30.0010913411931,"NCA"
-77.1210264440145,29.9989757841055,"NCA"
-77.1132268964037,29.9837209664499,"NCA"
-77.1055170768512,29.9684319970396,"NCA"
-77.0978973720654,29.95310927967,"NCA"
-77.0903679700055,29.9377529663267,"NCA"
-77.0829289659986,29.9223639590302,"NCA"
-77.0755805542988,29.9069421606525,"NCA"
-77.0683226350812,29.8914880577282,"NCA"
-77.0611557848113,29.876002470438,"NCA"
-77.054079715706,29.8604851343819,"NCA"
-77.0470950024321,29.8449371188534,"NCA"
-77.0405454639017,29.8301414437731,"NCA"
-77.037916533321,29.824172411328,"NCA"
-77.0311145281125,29.8085634343557,"NCA"
-77.0244042600481,29.7929248238221,"NCA"
-77.0177854422437,29.7772568198468,"NCA"
-77.0112584569118,29.7615595744155,"NCA"
-77.0048234002792,29.7458339940441,"NCA"
-76.9984804612039,29.730080067042,"NCA"
-76.9922296423838,29.7142984490147,"NCA"
-76.9905163601417,29.7099272771227,"NCA"
-76.9852830558678,29.6964767980663,"NCA"
-76.9792168579713,29.6806409464231,"NCA"
-76.9732432560709,29.6647782886876,"NCA"
-76.972599472787,29.6630526245797,"NCA"
-76.967181070949,29.6484044320193,"NCA"
-76.9655210150824,29.643869007949,"NCA"
-76.9646502788867,29.6414991261843,"NCA"
-76.9588622538897,29.6255847331493,"NCA"
-76.9531669211162,29.6096452544255,"NCA"
-76.9500965061485,29.6009319416562,"NCA"
-76.9464965011123,29.5918048705987,"NCA"
-76.9403424826189,29.5759964060101,"NCA"
-76.9342807759367,29.5601610435979,"NCA"
-76.9283115699227,29.5442990261797,"NCA"
-76.9224346748198,29.5284108429867,"NCA"
-76.9166502803859,29.5124969023107,"NCA"
-76.9118164135962,29.498977912901,"NCA"
-76.9106280386525,29.4956264921694,"NCA"
-76.9050293173487,29.4796623612294,"NCA"
-76.8995232873694,29.4636737813205,"NCA"
-76.8941105215829,29.4476610743995,"NCA"
-76.8887906422736,29.43162456782,"NCA"
-76.8835639318295,29.4155647544107,"NCA"
-76.8784304873765,29.3994821252006,"NCA"
-76.8733904995715,29.3833769239064,"NCA"
-76.8684437777578,29.3672498106311,"NCA"
-76.8635906088191,29.3511011136259,"NCA"
-76.8588310880839,29.3349309902736,"NCA"
-76.8541652146526,29.3187401870106,"NCA"
-76.8495929912232,29.3025288621179,"NCA"
-76.8451147010822,29.2862975956581,"NCA"
-76.840730345129,29.2700468004199,"NCA"
-76.8364397336064,29.253776801059,"NCA"
-76.8322432478273,29.2374880949005,"NCA"
-76.828140601807,29.2211810101959,"NCA"
-76.8241324628423,29.2048559597354,"NCA"
-76.8202181636372,29.1885135253794,"NCA"
-76.8163982779577,29.1721538663085,"NCA"
-76.8126727077788,29.1557775643836,"NCA"
-76.8090413595707,29.1393851160308,"NCA"
-76.8055044239895,29.1229766858258,"NCA"
-76.802061997263,29.1065529383679,"NCA"
-76.7987140775921,29.0901141200713,"NCA"
-76.7954604752204,29.0736607300594,"NCA"
-76.792301572359,29.0571931820203,"NCA"
-76.7892371765541,29.0407118087039,"NCA"
-76.7862673858305,29.0242171092327,"NCA"
-76.7833923899462,29.0077095827314,"NCA"
-76.7806119011178,28.9911894783124,"NCA"
-76.7779260173713,28.9746573787356,"NCA"
-76.7753350219932,28.9581133658394,"NCA"
-76.7728388232527,28.9415581932566,"NCA"
-76.7704373231235,28.9249923601097,"NCA"
-76.7681304262775,28.9084160327739,"NCA"
-76.7659185158264,28.8918294621604,"NCA"
-76.7638013039866,28.8752336519121,"NCA"
-76.7617789832133,28.8586285183918,"NCA"
-76.7598512657228,28.8420144770868,"NCA"
-76.7580185346274,28.8253923706618,"NCA"
-76.7576550268575,28.8219898009892,"NCA"
-76.7562446677567,28.8084259542948,"NCA"
-76.7546014301113,28.7917883291685,"NCA"
-76.7530530826333,28.7751436416663,"NCA"
-76.7515995308933,28.7584923153686,"NCA"
-76.7502405833358,28.7418347657626,"NCA"
-76.7489765250463,28.7251712491546,"NCA"
-76.7478073569235,28.708502520076,"NCA"
-76.7467327929836,28.6918286648614,"NCA"
-76.7457530238823,28.6751502707688,"NCA"
-76.7448679533931,28.6584676777416,"NCA"
-76.7440774870857,28.6417815575732,"NCA"
-76.7433817202898,28.6250919138615,"NCA"
-76.7433666215718,28.6246990899919,"NCA"
-76.7421468072287,28.6211812290311,"NCA"
-76.7366667703548,28.6051957319976,"NCA"
-76.7312789463658,28.5891859307867,"NCA"
-76.7259833379604,28.5731524935933,"NCA"
-76.7207797526831,28.5570956632348,"NCA"
-76.715668955857,28.5410158516008,"NCA"
-76.714366004587,28.5368660640181,"NCA"
-76.7117134712993,28.5294944803866,"NCA"
-76.7060533038165,28.5135591349465,"NCA"
-76.7031331080061,28.5052250473988,"NCA"
-76.6961231660509,28.490375663906,"NCA"
-76.6889344316782,28.4749293158358,"NCA"
-76.681835142977,28.4594510454298,"NCA"
-76.6748252010219,28.4439413437184,"NCA"
-76.6679050842519,28.4284003707809,"NCA"
-76.6610749851218,28.4128287876193,"NCA"
-76.6543347111776,28.3972267543119,"NCA"
-76.6476846464288,28.3815949318613,"NCA"
-76.6411246919506,28.3659336503184,"NCA"
-76.6346552335518,28.3502430652659,"NCA"
-76.6282760787777,28.3345240103753,"NCA"
-76.6219877051681,28.3187765611899,"NCA"
-76.6157901118237,28.3030012132359,"NCA"
-76.6096833014428,28.2871982947661,"NCA"
-71.1,24,"NCA"
-60,24,"NCA"
-60,13,"NCA"
-40,13,"NCA"
-40,35,"NCA"
-76.6096833014428,28.2871982947661,"CAR"
-76.6093966227553,28.2864442779818,"CAR"
-76.610188235698,28.2864367488576,"CAR"
-76.612075913572,28.2864189009119,"CAR"
-76.6221839831039,28.286513978138,"CAR"
-76.6410616233947,28.286689245213,"CAR"
-76.6599390721298,28.2868619744015,"CAR"
-76.6788169030773,28.2870320802667,"CAR"
-76.6976946377969,28.2871996482457,"CAR"
-76.7165724687439,28.2873645092655,"CAR"
-76.7354502996911,28.2875267478618,"CAR"
-76.754328322194,28.287686534007,"CAR"
-76.7732064400248,28.2878435268578,"CAR"
-76.792084461628,28.2879980681568,"CAR"
-76.8109624841309,28.2881499861338,"CAR"
-76.8298405057343,28.2882991971506,"CAR"
-76.8487188142215,28.2884458711806,"CAR"
-76.8675970273807,28.2885897528153,"CAR"
-76.886475241439,28.2887312656362,"CAR"
-76.9053537396829,28.2888699033242,"CAR"
-76.924232145297,28.2890062558344,"CAR"
-76.9431105491121,28.2891397332129,"CAR"
-76.9619892398111,28.2892707572403,"CAR"
-76.9808676436264,28.2893990734088,"CAR"
-76.9997462398965,28.2895248525904,"CAR"
-77.0186249296964,28.2896480093489,"CAR"
-77.0375035259663,28.2897684591477,"CAR"
-77.0563823119937,28.2898865410315,"CAR"
-77.0752610026926,28.2900018314201,"CAR"
-77.0941397896193,28.2901145830222,"CAR"
-77.1130185756465,28.290224544028,"CAR"
-77.1318974579009,28.2903321362197,"CAR"
-77.1507764363831,28.2904369369156,"CAR"
-77.1696555092938,28.2905392851603,"CAR"
-77.1885342962206,28.2906389264461,"CAR"
-77.20741346356,28.2907361143806,"CAR"
-77.2262925382694,28.2908305108201,"CAR"
-77.2451715149532,28.290922284836,"CAR"
-77.2640507794195,28.2910114373287,"CAR"
-77.2829297570022,28.2910981373696,"CAR"
-77.3018089261408,28.2911822140883,"CAR"
-77.3206881897077,28.2912635838478,"CAR"
-77.3395673588462,28.2913422466477,"CAR"
-77.3584466233125,28.2914184578963,"CAR"
-77.3773259831073,28.2914921312574,"CAR"
-77.3962052466745,28.2915630967601,"CAR"
-77.4150846073684,28.2916314407389,"CAR"
-77.433963967163,28.2916971622947,"CAR"
-77.4528434222857,28.2917602623268,"CAR"
-77.4717227820804,28.2918207399356,"CAR"
-77.4906022381024,28.2918785951217,"CAR"
-77.5094815969977,28.2919339969572,"CAR"
-77.528361243676,28.2919866927322,"CAR"
-77.5472406043699,28.2920367669838,"CAR"
-77.5661202501491,28.292084217913,"CAR"
-77.5849996099437,28.2921291318543,"CAR"
-77.603879256622,28.2921712551996,"CAR"
-77.6227588079723,28.2922110088314,"CAR"
-77.6416381677666,28.2922479718671,"CAR"
-77.6605178144452,28.2922823979147,"CAR"
-77.6793975555523,28.2923141170037,"CAR"
-77.6982770115745,28.2923433827413,"CAR"
-77.7171567535809,28.2923699424195,"CAR"
-77.7360364002591,28.2923939633114,"CAR"
-77.7549159507101,28.2924151936069,"CAR"
-77.7737955982878,28.2924340559873,"CAR"
-77.7926751487388,28.2924501268724,"CAR"
-77.8115549860731,28.2924636598706,"CAR"
-77.8304345374236,28.2924746558812,"CAR"
-77.849314184102,28.2924830303681,"CAR"
-77.8681939261083,28.2924886969962,"CAR"
-77.8870735727867,28.2924917421006,"CAR"
-77.9059531232376,28.2924922493187,"CAR"
-77.924832769916,28.2924902186492,"CAR"
-77.9437123212661,28.2924853982831,"CAR"
-77.9625921586006,28.2924780391305,"CAR"
-77.9814717099511,28.2924681429911,"CAR"
-78.0003515472856,28.2924556253274,"CAR"
-78.0192310977365,28.2924403998051,"CAR"
-78.038110745314,28.2924225527591,"CAR"
-78.0569902957652,28.2924023368988,"CAR"
-78.0758699424433,28.2923792459059,"CAR"
-78.0947494928944,28.2923537015627,"CAR"
-78.113629234901,28.2923254511594,"CAR"
-78.1325086909229,28.2922945783326,"CAR"
-78.1513882422731,28.29226116672,"CAR"
-78.1702678880523,28.2922250499466,"CAR"
-78.1891474394023,28.2921864798226,"CAR"
-78.2080270860809,28.2921452027393,"CAR"
-78.226906637431,28.2921013041324,"CAR"
-78.2457860916543,28.2920546985659,"CAR"
-78.2646654523483,28.2920057250847,"CAR"
-78.2835450990264,28.2919540437446,"CAR"
-78.3024244579217,28.2918996563445,"CAR"
-78.3213039139442,28.2918428155938,"CAR"
-78.3401832737384,28.2917831842473,"CAR"
-78.3590626326338,28.2917210150133,"CAR"
-78.377942088656,28.2916562242559,"CAR"
-78.3968214493501,28.2915888947123,"CAR"
-78.4157009035732,28.2915190281811,"CAR"
-78.4345800727118,28.2914463701543,"CAR"
-78.4534595278348,28.2913711751402,"CAR"
-78.4723386969729,28.2912934422391,"CAR"
-78.4912179614393,28.2912129178424,"CAR"
-78.510096939022,28.2911299400951,"CAR"
-78.5289761081602,28.2910443408241,"CAR"
-78.5478553717275,28.2909560336945,"CAR"
-78.5667345408661,28.290865275013,"CAR"
-78.5856136137768,28.2907717239365,"CAR"
-78.6044925913595,28.2906756358724,"CAR"
-78.6233715689423,28.2905769253851,"CAR"
-78.642250451197,28.2904756770115,"CAR"
-78.6611294287798,28.2903717216781,"CAR"
-78.6800083110342,28.2902651448211,"CAR"
-78.6988870970616,28.2901560300774,"CAR"
-78.7177660746443,28.2900442929103,"CAR"
-78.7366447662424,28.2899300178563,"CAR"
-78.7555235522698,28.2898130358433,"CAR"
-78.7744021476406,28.2896934323064,"CAR"
-78.793280839239,28.2895712899837,"CAR"
-78.8121594337105,28.2894466106732,"CAR"
-78.8310380290812,28.2893191398669,"CAR"
-78.8499165291242,28.2891890457385,"CAR"
-78.8687949338384,28.2890566691306,"CAR"
-78.887673337654,28.2889213310551,"CAR"
-78.9065518376967,28.2887835396292,"CAR"
-78.9254300508558,28.2886430421435,"CAR"
-78.944308454671,28.2885000058711,"CAR"
-78.9631865734011,28.288354348075,"CAR"
-78.982064785661,28.28820598332,"CAR"
-79.0009428081635,28.2880552488514,"CAR"
-79.0198210213226,28.2879017228867,"CAR"
-79.0386989466987,28.2877456599348,"CAR"
-79.0575769692015,28.2875870590963,"CAR"
-79.0764548001486,28.2874256658623,"CAR"
-79.0953326310957,28.2872616511049,"CAR"
-79.1142103667148,28.2870951820975,"CAR"
-79.1330881967625,28.2869260906672,"CAR"
-79.1519658370534,28.2867543777128,"CAR"
-79.1708434773443,28.2865799569002,"CAR"
-79.1717641798726,28.2865713261065,"CAR"
-79.1815854151344,28.2608414309879,"CAR"
-79.1899844310363,28.2380717227325,"CAR"
-79.2116288041255,28.1842736061428,"CAR"
-79.22181323779,28.1582077557837,"CAR"
-79.2549505815038,28.0804727880893,"CAR"
-79.289767771565,28.0055009253281,"CAR"
-79.3038826589572,27.977583285441,"CAR"
-79.3126237490861,27.9585452888348,"CAR"
-79.3243335453562,27.9300340604244,"CAR"
-79.3586921180465,27.8541458937184,"CAR"
-79.3837202496895,27.8039307633946,"CAR"
-79.3948240072218,27.7811917454032,"CAR"
-79.3976471257139,27.7759448469778,"CAR"
-79.4292086080903,27.7052085167604,"CAR"
-79.4376010688339,27.6883450071169,"CAR"
-79.4617872740631,27.6260881146754,"CAR"
-79.4867517876646,27.5696012401056,"CAR"
-79.4950117881633,27.5494111912742,"CAR"
-79.5038772239542,27.5233573585559,"CAR"
-79.5324484740176,27.4257879132824,"CAR"
-79.5516401602649,27.3577969425755,"CAR"
-79.5692777883389,27.2903165718528,"CAR"
-79.5693949511155,27.2895822097517,"CAR"
-79.575185960963,27.2503197913259,"CAR"
-79.581383473368,27.1996653844505,"CAR"
-79.5883739036321,27.1153801129024,"CAR"
-79.5892227242488,27.0876251082127,"CAR"
-79.5888733924928,27.036501444087,"CAR"
-79.5885958032534,27.0221336790266,"CAR"
-79.5878111060972,27.0115983092151,"CAR"
-79.5828567589319,26.9657473297762,"CAR"
-79.5787773846682,26.9322491115076,"CAR"
-79.5765297783262,26.9181646301942,"CAR"
-79.5739436914477,26.9044842781277,"CAR"
-79.5736695780881,26.9008964346234,"CAR"
-79.5711576133327,26.8682942648692,"CAR"
-79.5665648826628,26.8205789908286,"CAR"
-79.5672287909754,26.7798274452808,"CAR"
-79.5666681302295,26.7365941629906,"CAR"
-79.566815051573,26.7351119624477,"CAR"
-79.5671726310117,26.7181213273382,"CAR"
-79.5672371609658,26.7020002620029,"CAR"
-79.5673887998952,26.6964191835052,"CAR"
-79.5674066425009,26.6862643273789,"CAR"
-79.5675352474763,26.676108006677,"CAR"
-79.5677746148211,26.6659502213994,"CAR"
-79.5681247445357,26.6557909715461,"CAR"
-79.5685856366197,26.645630257117,"CAR"
-79.5691446154718,26.6356934095684,"CAR"
-79.569149946563,26.6354681752265,"CAR"
-79.5691600725452,26.6351748975071,"CAR"
-79.5691622524804,26.6350827979748,"CAR"
-79.5690191106625,26.6278253149919,"CAR"
-79.5689423848706,26.6253162995499,"CAR"
-79.5687483522912,26.6154783197619,"CAR"
-79.5687387517303,26.6151643719272,"CAR"
-79.5685385419047,26.6050123990391,"CAR"
-79.5684485261961,26.5948589690892,"CAR"
-79.5684687046045,26.5847040820773,"CAR"
-79.5685759753923,26.5763474208464,"CAR"
-79.5685795615976,26.5745479960515,"CAR"
-79.5687099364577,26.5643916519469,"CAR"
-79.5689504477592,26.5542338515431,"CAR"
-79.5693010955018,26.5440745948393,"CAR"
-79.5696103259839,26.5372557796786,"CAR"
-79.5697256842973,26.5339143604379,"CAR"
-79.5701864254231,26.5237536480049,"CAR"
-79.5704487606524,26.5190827583227,"CAR"
-79.5706978113287,26.5135922659119,"CAR"
-79.5712685597495,26.5034300988875,"CAR"
-79.571949162992,26.4932664792873,"CAR"
-79.5721498782266,26.4906853368606,"CAR"
-79.5725767289745,26.4831035609822,"CAR"
-79.5732583465282,26.4729399279703,"CAR"
-79.5740494549411,26.4627748471954,"CAR"
-79.5749500542128,26.4526083186576,"CAR"
-79.5759601443436,26.4424403423568,"CAR"
-79.5770797253333,26.4322709182933,"CAR"
-79.5778597105278,26.4258163489796,"CAR"
-79.5780338533754,26.4221036819615,"CAR"
-79.5786183700811,26.4119413328831,"CAR"
-79.5788792271284,26.4081123910495,"CAR"
-79.5792435994177,26.4017784454747,"CAR"
-79.5799359557451,26.3916146704673,"CAR"
-79.5804908235565,26.3845651600267,"CAR"
-79.5807030773067,26.381449906863,"CAR"
-79.5812579027032,26.3744003932228,"CAR"
-79.5814701987887,26.3712851432597,"CAR"
-79.5815862463183,26.3698105508389,"CAR"
-79.5816568933001,26.3683110025759,"CAR"
-79.5819199461225,26.3611245761941,"CAR"
-79.5820600108455,26.3581510507878,"CAR"
-79.5823230881243,26.3509646253763,"CAR"
-79.5824631284179,26.3479910990007,"CAR"
-79.5827262300992,26.3408046745585,"CAR"
-79.5828662460173,26.337831147217,"CAR"
-79.5831293720468,26.3306447237413,"CAR"
-79.5832693636435,26.3276711954363,"CAR"
-79.5833519020325,26.3254171387901,"CAR"
-79.5834295646949,26.3204861341899,"CAR"
-79.5836956245927,26.3103279959651,"CAR"
-79.5840677771655,26.3001684549104,"CAR"
-79.5844162403197,26.2927649008334,"CAR"
-79.5845172723931,26.2900078911786,"CAR"
-79.5849955400404,26.2798469469979,"CAR"
-79.5855797735211,26.2696846016647,"CAR"
-79.5862699728352,26.2595208551788,"CAR"
-79.5870661379829,26.2493557075404,"CAR"
-79.5879682689638,26.2391891587491,"CAR"
-79.5881386323234,26.2374708256621,"CAR"
-79.5883667346165,26.2290292697651,"CAR"
-79.5887460867217,26.2188696335133,"CAR"
-79.5892303012433,26.2087086106991,"CAR"
-79.5897371094117,26.1999654538238,"CAR"
-79.5898053647442,26.1985463866175,"CAR"
-79.5901736358987,26.1922400030096,"CAR"
-79.5918829775747,26.1880098543838,"CAR"
-79.5959015043136,26.1783522059625,"CAR"
-79.6000093395128,26.1687606393352,"CAR"
-79.604206483172,26.1592351545024,"CAR"
-79.6084929352913,26.1497757514636,"CAR"
-79.6128686958706,26.1403824302191,"CAR"
-79.6173337649097,26.1310551907695,"CAR"
-79.6175901228581,26.1305338963936,"CAR"
-79.6212187113412,26.1212987025917,"CAR"
-79.625156500209,26.1115813139906,"CAR"
-79.6291870601296,26.1019325692521,"CAR"
-79.6296068681938,26.1009571919104,"CAR"
-79.6332270284055,26.0922907860145,"CAR"
-79.637086681469,26.0833245980981,"CAR"
-79.6409611121541,26.0724224252046,"CAR"
-79.6423664626506,26.0684679412211,"CAR"
-79.6470205193741,26.0558122395556,"CAR"
-79.6607219832628,26.0172612846895,"CAR"
-79.6625742018317,26.0110326264465,"CAR"
-79.6656373604814,26.0011410599628,"CAR"
-79.6686355880514,25.9918332511799,"CAR"
-79.668781852305,25.9913608593997,"CAR"
-79.6687978177383,25.9913023693858,"CAR"
-79.6716514681743,25.9812969478618,"CAR"
-79.6751867200104,25.9694178897584,"CAR"
-79.6759197738958,25.9670543696334,"CAR"
-79.6767602871843,25.9642299657278,"CAR"
-79.6784499800153,25.9583206189984,"CAR"
-79.6799929427034,25.9531510904123,"CAR"
-79.6812584484073,25.9483090786164,"CAR"
-79.6826310515495,25.943295930985,"CAR"
-79.6839531774961,25.9382367719725,"CAR"
-79.6905776957367,25.9140457620242,"CAR"
-79.6925951198497,25.9063216057031,"CAR"
-79.6958106301275,25.8878883741291,"CAR"
-79.6989356660868,25.8686135547146,"CAR"
-79.7039335079789,25.8352393899072,"CAR"
-79.7049047446273,25.8292414213868,"CAR"
-79.7118824711782,25.7779607990963,"CAR"
-79.7125910851976,25.7717062179788,"CAR"
-79.7127637961119,25.7705325015743,"CAR"
-79.7147682842286,25.7565935881238,"CAR"
-79.718430884777,25.7271780725104,"CAR"
-79.7187088895032,25.7250055847404,"CAR"
-79.7193097310589,25.7219620109389,"CAR"
-79.7193735163743,25.7214570946697,"CAR"
-79.7201406776497,25.7157698189226,"CAR"
-79.7209557871794,25.7100882250921,"CAR"
-79.7218188359702,25.7044123122789,"CAR"
-79.7227298195251,25.6987420813825,"CAR"
-79.7236887297504,25.6930775342012,"CAR"
-79.7246955594518,25.6874186716349,"CAR"
-79.7312006993525,25.6525483001644,"CAR"
-79.7312976804429,25.6520305316842,"CAR"
-79.7313950644303,25.651512780291,"CAR"
-79.7314928495148,25.6509950441865,"CAR"
-79.7315910365967,25.6504773251692,"CAR"
-79.7316896256752,25.6499596223392,"CAR"
-79.7317886158516,25.6494419356976,"CAR"
-79.7318880089239,25.6489242652432,"CAR"
-79.7319878030941,25.648406610977,"CAR"
-79.7320879992613,25.6478889737975,"CAR"
-79.7321885965262,25.6473713528059,"CAR"
-79.7352761031092,25.6315474243747,"CAR"
-79.7375496899655,25.5932882986165,"CAR"
-79.7401550789931,25.5608105302823,"CAR"
-79.7386180629728,25.547403047813,"CAR"
-79.7384320220197,25.5457459507154,"CAR"
-79.7382498292658,25.5440882420792,"CAR"
-79.7380714838114,25.5424299201053,"CAR"
-79.7378969856568,25.5407709856932,"CAR"
-79.7377263339028,25.5391114379429,"CAR"
-79.7375595294483,25.5374512786538,"CAR"
-79.7373965713943,25.5357905060276,"CAR"
-79.7372374597404,25.5341291209626,"CAR"
-79.7370821944873,25.5324671234596,"CAR"
-79.7369307747352,25.5308045126185,"CAR"
-79.7313777623734,25.4682031915244,"CAR"
-79.7295241184429,25.450617287958,"CAR"
-79.7277168723353,25.4392959943152,"CAR"
-79.7275271630477,25.4380954515442,"CAR"
-79.7273392721894,25.4368942162955,"CAR"
-79.7271531997598,25.4356922894679,"CAR"
-79.7269689448604,25.4344896692634,"CAR"
-79.7267865083902,25.4332863574799,"CAR"
-79.726605890349,25.4320823532184,"CAR"
-79.726427089838,25.4308776564793,"CAR"
-79.7262501068565,25.429672268161,"CAR"
-79.7260749423041,25.4284661864659,"CAR"
-79.725901595282,25.4272594131919,"CAR"
-79.7244935807138,25.4173474462282,"CAR"
-79.7234413784166,25.4093584654214,"CAR"
-79.722467419835,25.4013386000968,"CAR"
-79.7215716914801,25.3932878421608,"CAR"
-79.720754185257,25.3852061862169,"CAR"
-79.7200148876764,25.3770936232725,"CAR"
-79.7193537897451,25.368950146133,"CAR"
-79.7187708815705,25.3607757476033,"CAR"
-79.7182661514614,25.3525704195896,"CAR"
-79.7178395895251,25.3443341548978,"CAR"
-79.7174911849697,25.3360669454338,"CAR"
-79.7167550871771,25.3134638428825,"CAR"
-79.7149001005588,25.2897260513167,"CAR"
-79.7133175644535,25.2765077493336,"CAR"
-79.7120055300306,25.2641515410613,"CAR"
-79.7108511071924,25.2517147238556,"CAR"
-79.7098542725562,25.2391972671408,"CAR"
-79.7092935110862,25.2307799365452,"CAR"
-79.7089963094316,25.2266086012064,"CAR"
-79.708257620692,25.2139586114014,"CAR"
-79.7081131374107,25.2107973253366,"CAR"
-79.7090257415442,25.2001564992234,"CAR"
-79.7107241175234,25.1836593086308,"CAR"
-79.7127121498455,25.1670889429009,"CAR"
-79.7140738844016,25.1571383419616,"CAR"
-79.7158428841414,25.1504429864553,"CAR"
-79.7161272785508,25.1494781299122,"CAR"
-79.7218128689685,25.1232719493414,"CAR"
-79.7249668345513,25.1104775931667,"CAR"
-79.7609956812053,25.0599288251559,"CAR"
-79.7869798938066,25.03013501422,"CAR"
-79.8079941587029,25.0016936631324,"CAR"
-79.8114298243265,24.9965102712325,"CAR"
-79.8223684681299,24.9769403301327,"CAR"
-79.8598950789944,24.9233269225998,"CAR"
-79.8703795273929,24.9079508439568,"CAR"
-79.8810847089917,24.8920618549712,"CAR"
-79.9092751330406,24.8582076436683,"CAR"
-79.9413786125323,24.8179570726613,"CAR"
-79.9462567763288,24.8117372219957,"CAR"
-79.9626468073038,24.7946893945004,"CAR"
-79.9690809241449,24.7878390552286,"CAR"
-79.9848301431959,24.7703626450207,"CAR"
-80.0138832895818,24.7331478147203,"CAR"
-80.0594213472169,24.6855454775422,"CAR"
-80.0836934350037,24.6561080769267,"CAR"
-80.1580171518694,24.582279560054,"CAR"
-80.2048179080196,24.5439526038302,"CAR"
-80.214352059,24.5405095358869,"CAR"
-80.2248664602187,24.5359273209896,"CAR"
-80.2690975412179,24.5188492528911,"CAR"
-80.2733562510896,24.5167080453404,"CAR"
-80.2901148368298,24.5091797224669,"CAR"
-80.3211588663883,24.4944767620934,"CAR"
-80.3694103153335,24.4742057077278,"CAR"
-80.4181946251815,24.4562643246395,"CAR"
-80.4626348992807,24.4421974286687,"CAR"
-80.4674418052946,24.4403475421061,"CAR"
-80.4741161229602,24.4381299857107,"CAR"
-80.5159295663958,24.4211009630396,"CAR"
-80.6597269878098,24.3703717451602,"CAR"
-80.7274627641948,24.336898304114,"CAR"
-80.7294052746331,24.3359432232017,"CAR"
-80.7313505540842,24.334991760262,"CAR"
-80.7332986034473,24.3340439161942,"CAR"
-80.7352494209235,24.3330996909984,"CAR"
-80.7372030074123,24.3321590837752,"CAR"
-80.7391593629137,24.3312220954238,"CAR"
-80.7411184865286,24.3302887268438,"CAR"
-80.7430803791555,24.3293589762361,"CAR"
-80.7446920928655,24.3285992226765,"CAR"
-80.7450198004231,24.3283999194213,"CAR"
-80.7468466877239,24.3272940635705,"CAR"
-80.8065642859126,24.2913102765486,"CAR"
-80.8484147139675,24.2619699325669,"CAR"
-80.8486716727589,24.2617898775016,"CAR"
-80.8489287061944,24.2616098826907,"CAR"
-80.8491858160721,24.261429949933,"CAR"
-80.8494430005936,24.2612500765302,"CAR"
-80.8497002597589,24.2610702651811,"CAR"
-80.8499575953661,24.2608905140864,"CAR"
-80.8502150056177,24.2607108232464,"CAR"
-80.8504724905126,24.2605311944594,"CAR"
-80.85073005185,24.2603516259274,"CAR"
-80.850987687831,24.2601721176499,"CAR"
-80.8685216204759,24.2479624718909,"CAR"
-80.8690604537765,24.2475877270925,"CAR"
-80.8695996225239,24.2472132323051,"CAR"
-80.8701391285175,24.2468389893284,"CAR"
-80.8706789717568,24.2464649972623,"CAR"
-80.8712191504429,24.2460912570064,"CAR"
-80.8717596663749,24.2457177667619,"CAR"
-80.872300519553,24.2453445274286,"CAR"
-80.8728417081779,24.2449715399054,"CAR"
-80.8733832340486,24.2445988032927,"CAR"
-80.8739250971649,24.244226317591,"CAR"
-80.9508626090216,24.191395559458,"CAR"
-80.9520498822956,24.1905821820227,"CAR"
-80.9532388552884,24.1897696949159,"CAR"
-80.9544295279999,24.1889580972389,"CAR"
-80.9556218995305,24.1881473898905,"CAR"
-80.95681597078,24.1873375728712,"CAR"
-80.9580117408487,24.1865286452814,"CAR"
-80.9592092097369,24.1857206089195,"CAR"
-80.9604083783436,24.1849134610879,"CAR"
-80.9616092448701,24.1841072044842,"CAR"
-80.9628118111157,24.1833018373107,"CAR"
-80.9727362723606,24.1766719155769,"CAR"
-80.9795060638534,24.1722164502294,"CAR"
-80.9795596796349,24.1721811662284,"CAR"
-80.9796132999133,24.172145884026,"CAR"
-80.9796669228897,24.172110603622,"CAR"
-80.9797205494633,24.172075325017,"CAR"
-80.9797741787349,24.1720400473108,"CAR"
-80.9798278125029,24.172004772303,"CAR"
-80.9798814480699,24.1719694981945,"CAR"
-80.9799350881335,24.1719342258843,"CAR"
-80.9799887308947,24.1718989553732,"CAR"
-80.9800423772535,24.1718636866601,"CAR"
-81.0275033086305,24.1406608521171,"CAR"
-81.0289073967584,24.1397400281805,"CAR"
-81.0303137358895,24.1388201161561,"CAR"
-81.0317223269236,24.1379011178429,"CAR"
-81.0331331689599,24.1369830323416,"CAR"
-81.034546262,24.1360658596521,"CAR"
-81.0359616051437,24.1351495997748,"CAR"
-81.0373792001895,24.1342342536086,"CAR"
-81.0387990453393,24.133319820254,"CAR"
-81.0402211414918,24.1324062997114,"CAR"
-81.0416454877486,24.1314936919808,"CAR"
-81.0581041423918,24.1209750729419,"CAR"
-81.0614994320525,24.1186911115062,"CAR"
-81.1111876828649,24.0741805571876,"CAR"
-81.1405321907076,24.0454626654701,"CAR"
-81.1614789416993,24,"CAR"
-90,24,"CAR"
-90,8,"CAR"
-60,8,"CAR"
-60,24,"CAR"
-71.1,24,"CAR"
